,x,y
0,80.0,-0.03178827057743028
1,80.1,0.1257530153590583
2,80.2,-0.04517410155502313
3,80.3,-0.005945109210378809
4,80.4,0.0319706231451751
5,80.5,0.07540951785668434
6,80.6,0.08858303140679327
7,80.7,-0.016097238716032344
8,80.8,-0.012298180168101393
9,80.9,0.11481807761860602
10,81.0,0.0658965959300337
11,81.1,0.19341639354104356
12,81.2,0.25140908248568256
13,81.3,-0.014396022807133764
14,81.4,0.1905027029899385
15,81.5,-0.08688551987949003
16,81.6,0.15938585267737843
17,81.7,0.20281331757086085
18,81.8,0.16832097128516615
19,81.9,0.12466087245639731
20,82.0,0.000730902570235066
21,82.1,0.21260337315934913
22,82.2,0.08238219287652217
23,82.3,0.12342089276165084
24,82.4,-0.10877998093114291
25,82.5,0.11300951232307146
26,82.6,0.007356646523478352
27,82.7,-0.052847186327962335
28,82.8,0.14051169392980606
29,82.9,0.06542695253583296
30,83.0,0.17235957720792738
31,83.1,0.1762748760350487
32,83.2,0.1359558250772018
33,83.3,0.06610769068325105
34,83.4,-0.04416798085020411
35,83.5,0.193667902482627
36,83.6,0.00029109726914852696
37,83.7,0.03419309964663785
38,83.8,0.14807711885031327
39,83.9,-0.1701817247887379
40,84.0,0.17900400110491443
41,84.1,-0.005800049804103535
42,84.2,0.09193106427618622
43,84.3,0.09798183770723198
44,84.4,0.22054200319892553
45,84.5,-0.04699862466579641
46,84.6,0.06405420742125134
47,84.7,0.21419409174681442
48,84.8,0.0941580393923525
49,84.9,0.023323338770757616
50,85.0,0.07960100378600296
51,85.1,0.1729321471278411
52,85.2,-0.08042368408564131
53,85.3,-0.024801668525091483
54,85.4,0.18636989914991342
55,85.5,0.08823727161344011
56,85.6,0.02633992748310772
57,85.7,0.06648177825249152
58,85.8,0.03475338330198932
59,85.9,0.15197089801936559
60,86.0,0.17939866525968928
61,86.1,-0.03238809352396932
62,86.2,0.21565901214420327
63,86.3,-0.00892660845294388
64,86.4,0.15944255677180247
65,86.5,0.007293648680929202
66,86.6,0.11730105103303176
67,86.7,-0.0132081463466103
68,86.8,-0.027243118530260027
69,86.9,0.053269987317224585
70,87.0,0.2550267414132263
71,87.1,0.1882444227204893
72,87.2,0.1044053367127863
73,87.3,0.17823866729691074
74,87.4,-0.06080556764877715
75,87.5,0.2191928626823991
76,87.6,0.14141320128262397
77,87.7,-0.006804081640971585
78,87.8,0.16847270399239644
79,87.9,0.09678946936585753
80,88.0,0.0014008655697117928
81,88.1,0.11648496563101642
82,88.2,0.17363496100914128
83,88.3,0.13707422863338753
84,88.4,0.09190541840837027
85,88.5,0.14914754776142256
86,88.6,0.07644036781920353
87,88.7,0.21514216799422797
88,88.8,0.006125717216110105
89,88.9,0.10885510861056139
90,89.0,-0.002997275138175881
91,89.1,0.08066578228514583
92,89.2,0.12165850438544767
93,89.3,0.18421996005265157
94,89.4,0.20658746782610374
95,89.5,0.16707290893127605
96,89.6,0.20661563293808605
97,89.7,0.20782993140517844
98,89.8,0.23192663173495015
99,89.9,0.33572965769857965
100,90.0,0.1776034860093055
101,90.1,0.23865958278637806
102,90.2,0.11790797877228544
103,90.3,0.07405735853529641
104,90.4,-0.038881027622850645
105,90.5,0.39511147741701064
106,90.6,0.29192553734845655
107,90.7,0.18457541139309744
108,90.8,0.30872304353632607
109,90.9,0.3081621085049589
110,91.0,0.3669127151919238
111,91.1,0.16616522353839103
112,91.2,0.28656770618802424
113,91.3,0.4091012446465274
114,91.4,0.3762792967948015
115,91.5,0.151696872706197
116,91.6,0.08368247525105318
117,91.7,0.3562582802545424
118,91.8,0.3542767817359361
119,91.9,0.29114730512113046
120,92.0,0.3182599559771555
121,92.1,0.43083062995426635
122,92.2,0.41996913201400005
123,92.3,0.4608118613775851
124,92.4,0.26265885937965117
125,92.5,0.48514773723093546
126,92.6,0.3144897316593493
127,92.7,0.37900406220364535
128,92.8,0.3052266357770368
129,92.9,0.29193026477885564
130,93.0,0.3766972491653828
131,93.1,0.5542156505085399
132,93.2,0.31858716864816794
133,93.3,0.19584628119102437
134,93.4,0.48609799033119305
135,93.5,0.48483068452305433
136,93.6,0.625911802416912
137,93.7,0.7132245977442363
138,93.8,0.5752687806453738
139,93.9,0.7010082912454951
140,94.0,0.6231135115751018
141,94.1,0.569145524674449
142,94.2,0.4115121304539917
143,94.3,0.7172355511321691
144,94.4,0.6850702550954468
145,94.5,0.6395330931491103
146,94.6,0.8040754961873922
147,94.7,0.7415947450250779
148,94.8,0.6538685318266515
149,94.9,0.8225399043303592
150,95.0,0.8172717200891363
151,95.1,0.9959281700104065
152,95.2,0.8350661502523622
153,95.3,0.963776817604377
154,95.4,0.934697552632269
155,95.5,0.956038750377255
156,95.6,0.9869150441094994
157,95.7,0.8884076644547693
158,95.8,1.208526016411466
159,95.9,0.8119759388875762
160,96.0,1.0734514365378391
161,96.1,1.111867649097163
162,96.2,1.0442355727924422
163,96.3,1.0052588935902858
164,96.4,1.300867271391988
165,96.5,0.9950105551615321
166,96.6,1.0902747769135686
167,96.7,1.2534378368167154
168,96.8,1.2603300732536031
169,96.9,1.229934460574878
170,97.0,1.3628212193655278
171,97.1,1.429002355634293
172,97.2,1.1834202902726778
173,97.3,1.2646842522265056
174,97.4,1.4592638559293696
175,97.5,1.3547391221571594
176,97.6,1.6146261233558432
177,97.7,1.5749863172507745
178,97.8,1.487906728285189
179,97.9,1.3323163048736757
180,98.0,1.45417547568688
181,98.1,1.5767179713145791
182,98.2,1.548432094655551
183,98.3,1.5476399574733135
184,98.4,1.602738769114135
185,98.5,1.4794855400674598
186,98.6,1.5696930427926608
187,98.7,1.677319072951487
188,98.8,1.5732569777349883
189,98.9,1.460750587719617
190,99.0,1.5397822297515757
191,99.1,1.5891247472157435
192,99.2,1.6265104503081924
193,99.3,1.6128880013081106
194,99.4,1.7079316788787917
195,99.5,1.7499995765849647
196,99.6,1.6923462778624565
197,99.7,1.5897580735128143
198,99.8,1.7388610307593548
199,99.9,1.8367125004106357
200,100.0,1.6751800439271143
201,100.1,1.614771047414281
202,100.2,1.6260950678861161
203,100.3,1.8007798115054174
204,100.4,1.637713603954461
205,100.5,1.7193800442455351
206,100.6,1.9316916137835225
207,100.7,1.5728765160784581
208,100.8,1.6949103393223302
209,100.9,1.627031420984435
210,101.0,1.765459838932792
211,101.1,1.7123630084841654
212,101.2,1.6320307545338086
213,101.3,1.7320947789972456
214,101.4,1.8593298036987576
215,101.5,1.4680454539100454
216,101.6,1.5242056584311687
217,101.7,1.5069928382399833
218,101.8,1.461638750811513
219,101.9,1.4380877342298868
220,102.0,1.5378547023251856
221,102.1,1.3832935595121338
222,102.2,1.5796611476064681
223,102.3,1.4313755825971064
224,102.4,1.2237699303809422
225,102.5,1.419752196057507
226,102.6,1.4368473010228469
227,102.7,1.2954235863380117
228,102.8,1.3177938935115283
229,102.9,1.1255938650713657
230,103.0,1.3400036815694334
231,103.1,1.2559809841705942
232,103.2,1.2782402166049005
233,103.3,1.252639494572358
234,103.4,1.0847815287923883
235,103.5,1.192550593508774
236,103.6,1.1065824659947476
237,103.7,1.1040907775684567
238,103.8,1.0407390441563438
239,103.9,1.1522122089986133
240,104.0,1.160258857102586
241,104.1,1.0770494881621606
242,104.2,0.9523089756381732
243,104.3,1.0818306421980217
244,104.4,1.0145020903224033
245,104.5,0.7918089282287685
246,104.6,0.7916697890498676
247,104.7,0.8971728220866559
248,104.8,0.8241196312499751
249,104.9,0.7990378042683501
250,105.0,0.6900045679792711
251,105.1,0.7126401181580135
252,105.2,0.6173080187206579
253,105.3,0.661988487953741
254,105.4,0.8818510816452559
255,105.5,0.837693781206552
256,105.6,0.7635521441209214
257,105.7,0.6929590574024834
258,105.8,0.5450333669889301
259,105.9,0.6818739009074466
260,106.0,0.6209745174615656
261,106.1,0.4640477003351889
262,106.2,0.693911710232003
263,106.3,0.6899666903379768
264,106.4,0.6766863846845533
265,106.5,0.6458810584351108
266,106.6,0.4039018054920937
267,106.7,0.43009120431568254
268,106.8,0.4161900907666988
269,106.9,0.561925970073455
270,107.0,0.46871209385223217
271,107.1,0.5300250730908433
272,107.2,0.4712140120977957
273,107.3,0.5781750830393542
274,107.4,0.3139574515434826
275,107.5,0.5346257821992998
276,107.6,0.17442229512122592
277,107.7,0.35512450062055356
278,107.8,0.21203128807383928
279,107.9,0.4860468231373347
280,108.0,0.36616060473062445
281,108.1,0.15833795973159287
282,108.2,0.32598393515481544
283,108.3,0.547000042295771
284,108.4,0.34846650561355974
285,108.5,0.19023225624801474
286,108.6,0.2571644687229952
287,108.7,0.2332645642822442
288,108.8,0.26891288785498224
289,108.9,0.2594830285767116
290,109.0,0.16955715510234254
291,109.1,0.3566908386663666
292,109.2,0.05767203856815195
293,109.3,0.2170046633436272
294,109.4,0.09749341240935508
295,109.5,0.21773236157865702
296,109.6,0.28904634470238655
297,109.7,0.28506723969684516
298,109.8,0.44314933293529185
299,109.9,0.3997812489142647
300,110.0,0.29012095121862475
301,110.1,0.2383900268493388
302,110.2,0.0852626355835124
303,110.3,0.10754939365686868
304,110.4,0.1481720999773627
305,110.5,0.16042162001360655
306,110.6,0.08796365977631035
307,110.7,0.21230450407420431
308,110.8,0.0420221760528815
309,110.9,0.1143759382588964
310,111.0,0.17406034871854237
311,111.1,0.043060185738233336
312,111.2,0.0493319828068849
313,111.3,0.1885543054472908
314,111.4,0.011885065961371205
315,111.5,0.006447232368924055
316,111.6,0.10482013948667307
317,111.7,-0.033492442631653296
318,111.8,0.2087239511592106
319,111.9,0.17704082878325228
320,112.0,0.17007559822852936
321,112.1,-0.019613144721239345
322,112.2,0.22579388134821154
323,112.3,0.31673168046888933
324,112.4,0.005016496292122585
325,112.5,0.2471981194141622
326,112.6,0.3445917983383443
327,112.7,0.17552130052019418
328,112.8,0.08439264568220611
329,112.9,0.18752574090840315
330,113.0,-0.039306655876985896
331,113.1,0.2836683659911481
332,113.2,0.0885592557539728
333,113.3,-0.016499358782899848
334,113.4,0.11374054150347511
335,113.5,0.1704393873132122
336,113.6,0.06400756307861678
337,113.7,0.08456324382404909
338,113.8,0.08819356413411841
339,113.9,-0.044176825477317244
340,114.0,0.17986229482185315
341,114.1,0.03910143127119166
342,114.2,0.10903781793963246
343,114.3,0.21929200418178083
344,114.4,0.17544318193979458
345,114.5,0.04218030372637102
346,114.6,0.10547611174145581
347,114.7,0.10944633957405747
348,114.8,-0.02400500094101385
349,114.9,0.15258703888293512
350,115.0,0.10277115069340646
351,115.1,0.27537790249495175
352,115.2,0.20306118561592734
353,115.3,0.16338369559006619
354,115.4,0.14934489632338516
355,115.5,-0.015868591044736133
356,115.6,0.30098714286638684
357,115.7,-0.01676298910547812
358,115.8,0.19533901620022692
359,115.9,0.021176741826046896
360,116.0,0.22309267462240473
361,116.1,-0.00298905959617618
362,116.2,0.3146994301618518
363,116.3,0.23115141912286336
364,116.4,0.06849267309358913
365,116.5,0.24052853632088872
366,116.6,0.1455839268729779
367,116.7,-0.0332466530647845
368,116.8,-0.08532789303493862
369,116.9,0.1812497760593375
370,117.0,0.041046083063437905
371,117.1,0.14621431164330959
372,117.2,0.15200518057607612
373,117.3,0.010388752596696874
374,117.4,0.16283409764412016
375,117.5,-0.05388573899820383
376,117.6,-0.09015187711603541
377,117.7,0.046584888244107364
378,117.8,0.0663636225148988
379,117.9,0.19162777037601775
380,118.0,0.15656155041598813
381,118.1,-0.04575279122601504
382,118.2,0.012388314202308376
383,118.3,0.08600497904757763
384,118.4,0.17323657805528753
385,118.5,0.19642865983367366
386,118.6,-0.008831830697186155
387,118.7,0.21329535207577116
388,118.8,0.15470751683071074
389,118.9,0.016311130036333776
390,119.0,0.14682563762635137
391,119.1,0.182035676848405
392,119.2,0.17679719037878722
393,119.3,0.0913426159302545
394,119.4,0.1866735277806759
395,119.5,0.23963086408223003
396,119.6,0.06191205847696292
397,119.7,0.10013820795385359
398,119.8,0.019685851322593914
399,119.9,-0.08318587457215391
400,120.0,0.02979012277541003
401,120.1,0.06821749677234018
402,120.2,0.022183239831396487
403,120.3,0.015724863500072267
404,120.4,-0.013963435453098458
405,120.5,0.040284209836211976
406,120.6,0.16682124688553257
407,120.7,-0.07426979363255982
408,120.8,0.2968610500181539
409,120.9,0.11791108784187924
410,121.0,0.12014544725352727
411,121.1,-0.05490899953359317
412,121.2,0.1324725203569581
413,121.3,0.08134564453180965
414,121.4,0.01389495438353408
415,121.5,0.0592516318155222
416,121.6,0.17804674541047594
417,121.7,-0.06182050945433759
418,121.8,0.11615830182835425
419,121.9,0.024676803309455583
420,122.0,0.020402992267431863
421,122.1,0.32051581588331346
422,122.2,0.02110416754848729
423,122.3,-0.006929117392800971
424,122.4,0.1015109725611443
425,122.5,0.14410276104343456
426,122.6,-0.08651754891055087
427,122.7,0.155540573626861
428,122.8,0.11252427486617002
429,122.9,0.1705459087430367
430,123.0,0.109629991361138
431,123.1,0.03479252998589891
432,123.2,0.15042004976285617
433,123.3,0.17956198719740157
434,123.4,0.2615525252933267
435,123.5,0.2532322955955688
436,123.6,-0.06969006911176992
437,123.7,0.10851233739859366
438,123.8,0.1640597330730807
439,123.9,-0.017007365240018266
440,124.0,-0.002533018231507228
441,124.1,0.04885013039960766
442,124.2,-0.059227624917615684
443,124.3,0.05954859820470885
444,124.4,0.11228269558369114
445,124.5,0.1555674543814344
446,124.6,0.08483941714626525
447,124.7,-0.01081394982171359
448,124.8,0.0911913734010192
449,124.9,0.11093480765862519
450,125.0,0.21375304600884373
451,125.1,0.10686574563696105
452,125.2,0.06198202913524179
453,125.3,0.2049420004526944
454,125.4,0.1894445744836505
455,125.5,0.2412019918059877
456,125.6,0.06042834183523511
457,125.7,0.16856645498561673
458,125.8,0.2618986346594496
459,125.9,0.10755548661347204
460,126.0,0.15630205901095262
461,126.1,0.15927553420938673
462,126.2,0.03092984044003841
463,126.3,0.03152159607610204
464,126.4,0.14321058425916322
465,126.5,0.11206663231681974
466,126.6,0.0570740957055107
467,126.7,0.16222173605383414
468,126.8,0.0033484828665469174
469,126.9,0.25022878551432237
470,127.0,0.08521402475789916
471,127.1,-0.03180962187054644
472,127.2,0.20446808167577613
473,127.3,0.28797057566137585
474,127.4,0.19075575038767306
475,127.5,0.0918762235867954
476,127.6,0.05882817264067436
477,127.7,0.2247387208794177
478,127.8,0.045926963950438396
479,127.9,-0.007853929742394572
480,128.0,0.11286173821494858
481,128.1,0.11737671108372631
482,128.2,0.16150486104891842
483,128.3,0.01958847882674372
484,128.4,0.23729799389640163
485,128.5,0.1627803504511851
486,128.6,0.1468799843254227
487,128.7,0.05230072247180091
488,128.8,0.08737646801406454
489,128.9,-0.0838593769708283
490,129.0,0.21822327072165043
491,129.1,0.2081576590885601
492,129.2,-0.0007858984022107163
493,129.3,0.13840379840637698
494,129.4,0.18851654371902404
495,129.5,0.08581269870050355
496,129.6,-0.06922250321782458
497,129.7,0.10958255106745209
498,129.8,0.13026785003367505
499,129.9,-0.055116185142019714
500,130.0,0.22728134329777752
501,130.1,0.016546976775425104
502,130.2,0.11450200391056059
503,130.3,-0.036156425095384415
504,130.4,0.14633405002116273
505,130.5,0.43176087443985683
506,130.6,-0.1158068063067681
507,130.7,0.07105866598563275
508,130.8,0.2188139432533135
509,130.9,0.14637352766537534
510,131.0,0.13971481495811597
511,131.1,0.022770796556761924
512,131.2,0.06779350338740668
513,131.3,0.0739831977135901
514,131.4,0.25636056939407925
515,131.5,0.10547726674007873
516,131.6,0.19198578879144854
517,131.7,0.20064018851579588
518,131.8,0.23266977112824933
519,131.9,-0.001205051760238024
520,132.0,0.0835154709732211
521,132.1,0.02868907012204236
522,132.2,0.1620201095662195
523,132.3,0.20824661143285184
524,132.4,0.1403449558904282
525,132.5,0.20758486742315851
526,132.6,0.3368146563156456
527,132.7,0.14606479760847488
528,132.8,0.33539197546933003
529,132.9,0.1690172562222276
530,133.0,0.3221561016606086
531,133.1,0.14632651920761378
532,133.2,0.2393590916574328
533,133.3,0.05986334320342973
534,133.4,0.24043805826091166
535,133.5,0.22033034098742124
536,133.6,0.049006869693130894
537,133.7,0.1604192214877228
538,133.8,0.26317117249135275
539,133.9,0.12117144477528477
540,134.0,0.13586630491205223
541,134.1,0.1220137116739126
542,134.2,0.06742338985023866
543,134.3,0.18194213254738098
544,134.4,0.04390264380242345
545,134.5,0.42754223022170085
546,134.6,0.134682642159569
547,134.7,0.19945996254442833
548,134.8,0.308448828895526
549,134.9,0.24386759112535772
550,135.0,0.26287608051022693
551,135.1,0.17240042696249966
552,135.2,0.18345205046646845
553,135.3,0.032527970952252044
554,135.4,0.24132095025121264
555,135.5,0.3171364295781526
556,135.6,0.011896719889334356
557,135.7,0.3475055671135206
558,135.8,0.3201778695382701
559,135.9,0.35109916162663657
560,136.0,0.04437976738011215
561,136.1,0.2805019839731024
562,136.2,0.26345166721032953
563,136.3,0.23862571652295
564,136.4,0.3969887855665784
565,136.5,0.12820919557825847
566,136.6,0.2672817152195207
567,136.7,0.3118221983027727
568,136.8,0.278864529596055
569,136.9,0.2680482654792469
570,137.0,0.30639695969369457
571,137.1,0.3191502364171714
572,137.2,0.35139817771811177
573,137.3,0.3903394487755186
574,137.4,0.22398605272748856
575,137.5,0.33601705722672065
576,137.6,0.26106920214406387
577,137.7,0.3736972160671978
578,137.8,0.3147840894686781
579,137.9,0.23206408416513313
580,138.0,0.5582109283344378
581,138.1,0.30823083394329726
582,138.2,0.4905354891708795
583,138.3,0.3700985475925089
584,138.4,0.3496141445190326
585,138.5,0.30192975536147426
586,138.6,0.3419671720028638
587,138.7,0.3616098665308979
588,138.8,0.37366949752487555
589,138.9,0.364891410133293
590,139.0,0.3842928080138971
591,139.1,0.4856335710651409
592,139.2,0.35544936158000306
593,139.3,0.3353291418087148
594,139.4,0.2579985506292284
595,139.5,0.5571679173293996
596,139.6,0.36335079504626766
597,139.7,0.5996367535894147
598,139.8,0.23545600652620546
599,139.9,0.5737659425493751
600,140.0,0.4277861774735237
601,140.1,0.6091958430268946
602,140.2,0.48219109731747845
603,140.3,0.5043273828973188
604,140.4,0.7187961330973673
605,140.5,0.6675899787254942
606,140.6,0.6410615616830317
607,140.7,0.6536457398274931
608,140.8,0.6418779005478934
609,140.9,0.6425086863110221
610,141.0,0.6999742117108283
611,141.1,0.7413395616419767
612,141.2,0.7928741214448254
613,141.3,0.6332396993981995
614,141.4,0.871792174555129
615,141.5,0.8221125087405056
616,141.6,0.8050388874048203
617,141.7,0.7364299851166923
618,141.8,0.838125172721519
619,141.9,0.9266811601064747
620,142.0,0.9905164691602919
621,142.1,0.8015733283657693
622,142.2,1.0591409877378302
623,142.3,0.8736671201329899
624,142.4,1.0228074104722495
625,142.5,0.869750993089492
626,142.6,1.009262302003385
627,142.7,1.0898079897939803
628,142.8,0.9759409449910089
629,142.9,1.1492346203348691
630,143.0,1.3801162891892855
631,143.1,1.0739893004142995
632,143.2,1.2540359301455954
633,143.3,1.3382712990343997
634,143.4,1.2732128136285628
635,143.5,1.4008784931362617
636,143.6,1.4302544456068704
637,143.7,1.3161507095730698
638,143.8,1.4592375998030072
639,143.9,1.5744428645926563
640,144.0,1.4511909649756485
641,144.1,1.65313812791483
642,144.2,1.7611427237280148
643,144.3,1.7103972997774066
644,144.4,1.6679425483823742
645,144.5,1.7606643875880836
646,144.6,1.6501049049901222
647,144.7,1.7682477313812481
648,144.8,1.894638710962176
649,144.9,2.0655922514484595
650,145.0,2.172013630634341
651,145.1,1.9620329841456008
652,145.2,2.1553638397453314
653,145.3,2.0930483325351568
654,145.4,2.2190273837464267
655,145.5,2.323258543018969
656,145.6,2.6472045457081483
657,145.7,2.5363660444979246
658,145.8,2.6693263898593385
659,145.9,2.627760480369099
660,146.0,2.727196930381063
661,146.1,2.8881324553542447
662,146.2,2.538184722317361
663,146.3,2.85719989287541
664,146.4,2.885771036990375
665,146.5,3.074237137697508
666,146.6,2.92669129646278
667,146.7,3.1687004511575525
668,146.8,3.200998418473815
669,146.9,3.3070759758319146
670,147.0,3.1684882744428293
671,147.1,3.2541894597652177
672,147.2,3.4497025243120025
673,147.3,3.403626237381353
674,147.4,3.6651583753013814
675,147.5,3.6495284290846066
676,147.6,3.505734306668567
677,147.7,3.75251371392694
678,147.8,3.767833149659003
679,147.9,3.9636649482731037
680,148.0,3.8590696802207436
681,148.1,3.9507510370165413
682,148.2,3.8851285419824184
683,148.3,4.028481382642119
684,148.4,4.135913640351418
685,148.5,3.9300743056960394
686,148.6,4.0264457318052695
687,148.7,4.213467868068212
688,148.8,4.146739187795275
689,148.9,4.280988147037267
690,149.0,4.459440226429062
691,149.1,4.101116796961325
692,149.2,4.314769531569581
693,149.3,4.356167911247628
694,149.4,4.5318504825362504
695,149.5,4.283253527846882
696,149.6,4.53008798305314
697,149.7,4.484115852654241
698,149.8,4.559891346719777
699,149.9,4.454648050398947
700,150.0,4.707427073763852
701,150.1,4.399824524568738
702,150.2,4.519092172735865
703,150.3,4.536853048424134
704,150.4,4.389366653092448
705,150.5,4.511371857972642
706,150.6,4.647173180505267
707,150.7,4.383748406394135
708,150.8,4.547594022436999
709,150.9,4.538121804993215
710,151.0,4.445769107473231
711,151.1,4.392030259184583
712,151.2,4.355274123167561
713,151.3,4.460987306728965
714,151.4,4.532540171037968
715,151.5,4.327044937698255
716,151.6,4.162850087334601
717,151.7,4.2789092524958265
718,151.8,4.124158852576842
719,151.9,4.324305882573544
720,152.0,4.316685377987643
721,152.1,4.15103384134589
722,152.2,4.188766513512078
723,152.3,4.14850129254079
724,152.4,4.062934610041465
725,152.5,3.981931611831912
726,152.6,4.052451424376165
727,152.7,3.8599032178500896
728,152.8,3.874668664341786
729,152.9,3.7671411760523523
730,153.0,3.8180059752915065
731,153.1,3.873496313213271
732,153.2,3.7077026854968023
733,153.3,3.6195509728718824
734,153.4,3.7616498407083943
735,153.5,3.42940645243507
736,153.6,3.610265607088583
737,153.7,3.671833031583992
738,153.8,3.556318831638948
739,153.9,3.532350753090841
740,154.0,3.59328709149835
741,154.1,3.5978096690507524
742,154.2,3.515711545758789
743,154.3,3.4233824860821143
744,154.4,3.512259032197361
745,154.5,3.4516405293451364
746,154.6,3.499480518406391
747,154.7,3.4077431374078286
748,154.8,3.3948892833152864
749,154.9,3.2550405006984455
750,155.0,3.1791207556992913
751,155.1,3.247189411556519
752,155.2,2.936659371516946
753,155.3,3.232728166245237
754,155.4,3.1954296734925243
755,155.5,3.166241136283932
756,155.6,3.107859135291348
757,155.7,3.0272203482819595
758,155.8,3.2436807655512605
759,155.9,3.2267084656911806
760,156.0,3.0823108219480453
761,156.1,3.184228334912482
762,156.2,3.171419122879073
763,156.3,2.9677931193037224
764,156.4,3.3132925321220696
765,156.5,3.0862707188661034
766,156.6,3.022579150707419
767,156.7,3.0449934512856665
768,156.8,3.1730277755051777
769,156.9,2.9583495940657296
770,157.0,3.0865953879909043
771,157.1,2.9742260875494884
772,157.2,3.217916899577167
773,157.3,3.2770188107830878
774,157.4,3.266139443697894
775,157.5,3.1367511054087553
776,157.6,3.357626801731603
777,157.7,3.171973877555611
778,157.8,3.306271227532454
779,157.9,3.1032902297157845
780,158.0,3.2012892281175405
781,158.1,3.214302981480301
782,158.2,3.4206095927430877
783,158.3,3.170136962278152
784,158.4,3.2497252231004072
785,158.5,3.266159467479853
786,158.6,3.348982786712798
787,158.7,3.1849253143991065
788,158.8,3.304119850151654
789,158.9,3.266666407394135
790,159.0,3.1897706948687143
791,159.1,3.2498653929415284
792,159.2,3.426970940634696
793,159.3,3.199379115831495
794,159.4,3.353761816832539
795,159.5,3.3707823480434893
796,159.6,3.4688950007069606
797,159.7,3.2436250185623523
798,159.8,3.0452134044329404
799,159.9,3.2382633931703695
800,160.0,3.1565549609353503
801,160.1,3.414494042689848
802,160.2,3.2606857778706937
803,160.3,3.2023016171063534
804,160.4,3.268369685997863
805,160.5,3.2011585384759713
806,160.6,3.079779238830395
807,160.7,3.124072480791521
808,160.8,3.026411096211155
809,160.9,3.0714981605138862
810,161.0,3.044442726412888
811,161.1,3.0048018506927843
812,161.2,3.1864727966176134
813,161.3,2.693656039825327
814,161.4,2.76107095181437
815,161.5,2.9419793770800906
816,161.6,2.8863321785763296
817,161.7,2.8731899965596086
818,161.8,2.941545408020955
819,161.9,2.560560122784544
820,162.0,2.6694383886390844
821,162.1,2.736589220711296
822,162.2,2.7211505299547287
823,162.3,2.5627084813813834
824,162.4,2.6326431153644307
825,162.5,2.5402905548105488
826,162.6,2.275663607410333
827,162.7,2.3156910404920636
828,162.8,2.5249250464781863
829,162.9,2.3925689307384417
830,163.0,2.3007467799182755
831,163.1,2.3979798194718693
832,163.2,2.2863483286018536
833,163.3,2.1660048184835863
834,163.4,2.018043424926334
835,163.5,2.06278179653931
836,163.6,1.9627890014721867
837,163.7,2.0630139351095584
838,163.8,1.931798206300943
839,163.9,1.8813031867920202
840,164.0,1.8231218456689495
841,164.1,1.7528011473636278
842,164.2,1.8479006926248243
843,164.3,1.7019727040765646
844,164.4,1.6884140765621207
845,164.5,1.666720535920433
846,164.6,1.5923534807070598
847,164.7,1.300206799696152
848,164.8,1.5039325508109664
849,164.9,1.5771957555530824
850,165.0,1.580230390588749
851,165.1,1.2537720983819172
852,165.2,1.2533857961534132
853,165.3,1.458434963668871
854,165.4,1.3430305109224412
855,165.5,1.4194564461685848
856,165.6,1.248247945536514
857,165.7,1.2548573741371485
858,165.8,1.2089953423172939
859,165.9,1.141864343531549
860,166.0,1.1190454727902306
861,166.1,1.0442615093394945
862,166.2,1.2350184906109065
863,166.3,0.869832843076081
864,166.4,0.9895124945659921
865,166.5,0.9620868506366955
866,166.6,1.0137619465717431
867,166.7,0.9625777143607477
868,166.8,1.0668142518241623
869,166.9,1.0090173634587132
870,167.0,0.7469679935027338
871,167.1,1.062966561680684
872,167.2,0.8121346315063063
873,167.3,0.8583442443832492
874,167.4,0.8939573515506601
875,167.5,0.863311812329568
876,167.6,0.6760990782441879
877,167.7,0.6908315168450868
878,167.8,0.8198465308899817
879,167.9,0.5691481412210864
880,168.0,0.6254197825819389
881,168.1,0.8130289203912862
882,168.2,0.7770275275748889
883,168.3,0.569294595026026
884,168.4,0.6455560716442248
885,168.5,0.5992805511775062
886,168.6,0.562974634277632
887,168.7,0.690272933423216
888,168.8,0.5601960319531479
889,168.9,0.55412943227821
890,169.0,0.5700644316151321
891,169.1,0.642665224723246
892,169.2,0.5030322663915978
893,169.3,0.4701669202233164
894,169.4,0.5193144619819497
895,169.5,0.4752183106201601
896,169.6,0.46138879760351015
897,169.7,0.1667447039841931
898,169.8,0.3676418478973215
899,169.9,0.4940970361428696
900,170.0,0.21025258633327165
901,170.1,0.3065802886772752
902,170.2,0.3319199019432315
903,170.3,0.3886167884325718
904,170.4,0.37393635070672654
905,170.5,0.4540601438753805
906,170.6,0.32240411744641034
907,170.7,0.626516809703974
908,170.8,0.2727783988949712
909,170.9,0.2860676910905801
910,171.0,0.397782129514152
911,171.1,0.291372357485289
912,171.2,0.22431190115750727
913,171.3,0.3302200836385035
914,171.4,0.20180967987346507
915,171.5,0.21753824278384035
916,171.6,0.4537743730087569
917,171.7,0.46177035678990774
918,171.8,0.2714590885532013
919,171.9,0.32623808064982474
920,172.0,0.2433463836336296
921,172.1,0.32759965567890076
922,172.2,0.430166932726144
923,172.3,0.41640322239394867
924,172.4,0.4164021264458698
925,172.5,0.307974240030117
926,172.6,0.17174948602315032
927,172.7,0.44742085607302007
928,172.8,0.30411669157616184
929,172.9,0.2069202895437634
930,173.0,0.2927023363428427
931,173.1,0.23968410175691865
932,173.2,0.2797456674322856
933,173.3,0.19968285080689754
934,173.4,0.2682622337915369
935,173.5,0.1912753385278237
936,173.6,0.2381807605207931
937,173.7,0.11583817573073396
938,173.8,0.1012714069940168
939,173.9,0.39977989560005334
940,174.0,0.10474367776538229
941,174.1,0.0523313575784746
942,174.2,0.01706852023283628
943,174.3,0.19371869681247306
944,174.4,0.12321421212265547
945,174.5,0.2632074618416346
946,174.6,0.20927984182474524
947,174.7,0.30460979584740655
948,174.8,0.24277768523774582
949,174.9,0.24636050373999926
950,175.0,0.22005911792815477
951,175.1,0.4864810354561845
952,175.2,0.17767999512645938
953,175.3,0.2005064121861408
954,175.4,0.2127833048661531
955,175.5,0.308922221315014
956,175.6,0.05372293737218525
957,175.7,0.26911007424569916
958,175.8,0.4000464991384015
959,175.9,0.4228627797460215
960,176.0,0.18681429327644739
961,176.1,0.10977499922107097
962,176.2,0.3569534446280619
963,176.3,0.15352851676578974
964,176.4,0.1104097794361531
965,176.5,0.24739833877194006
966,176.6,0.16193294337330047
967,176.7,0.3803901832880461
968,176.8,0.3635811423734134
969,176.9,0.28390291604001106
970,177.0,0.3203552275389471
971,177.1,0.22982865654418394
972,177.2,0.3172735849330896
973,177.3,0.24686856942938873
974,177.4,0.22398271535720518
975,177.5,0.3860463217066996
976,177.6,0.040931616376674446
977,177.7,0.2017955739507507
978,177.8,0.233739085718788
979,177.9,0.14294183364157567
980,178.0,0.12335388390345858
981,178.1,0.4283994177412195
982,178.2,0.16376610613448184
983,178.3,0.23239666519184218
984,178.4,0.13726988900292889
985,178.5,0.059589657229930565
986,178.6,0.2761129459727897
987,178.7,0.1469943496830884
988,178.8,0.05671030968719837
989,178.9,0.29114230359604804
990,179.0,0.193352982539785
991,179.1,0.14609382257082426
992,179.2,0.06322288471147919
993,179.3,0.22162907102657967
994,179.4,0.0474026241812342
995,179.5,0.18788542602160868
996,179.6,0.2521626136505563
997,179.7,0.11895287845348826
998,179.8,0.06573432412022659
999,179.9,0.14098314109636964
1000,180.0,0.16343040687223112
1001,180.1,0.170915575928
1002,180.2,0.14490484743833354
1003,180.3,0.2695941860383612
1004,180.4,0.2755051117049214
1005,180.5,0.27423316589931884
1006,180.6,0.0915206348707843
1007,180.7,0.2437881816634077
1008,180.8,0.1340107450167775
1009,180.9,0.21560417765295767
1010,181.0,0.19873698259408135
1011,181.1,0.38396139594119233
1012,181.2,0.12992523740972622
1013,181.3,0.3869318404951081
1014,181.4,0.36888928873463367
1015,181.5,0.39687554203614317
1016,181.6,0.3252123173664938
1017,181.7,0.3900885051808855
1018,181.8,0.25543677141916477
1019,181.9,0.13036851114682613
1020,182.0,0.364361579547382
1021,182.1,0.23460640256359375
1022,182.2,0.3207976511468811
1023,182.3,0.07755813859740951
1024,182.4,0.3424081363918635
1025,182.5,0.3203268158799458
1026,182.6,0.15944387229725415
1027,182.7,0.29974580936188455
1028,182.8,0.0875440416641708
1029,182.9,0.2988195402624134
1030,183.0,0.10247617892155554
1031,183.1,0.2529470529109356
1032,183.2,0.31356805755967443
1033,183.3,0.12163026334177392
1034,183.4,0.17932981649334614
1035,183.5,0.3609717171716868
1036,183.6,0.04257724123593071
1037,183.7,0.2389015764595488
1038,183.8,0.12321453960943032
1039,183.9,0.28543992385949607
1040,184.0,0.2532118110898173
1041,184.1,0.11168706042218592
1042,184.2,0.3337185820162193
1043,184.3,0.35348560406433893
1044,184.4,0.24946052769796054
1045,184.5,0.3024381204557786
1046,184.6,0.25870889373535627
1047,184.7,0.31002683271571785
1048,184.8,0.21078993998771756
1049,184.9,0.38393954519526435
1050,185.0,0.2923072716718231
1051,185.1,0.15899771439027172
1052,185.2,0.15725559572173142
1053,185.3,0.28455407486566164
1054,185.4,0.14179271724868464
1055,185.5,0.14380142256943915
1056,185.6,0.30580591568832827
1057,185.7,0.17430269436500856
1058,185.8,0.24696132902795304
1059,185.9,0.293368363398362
1060,186.0,0.2098115104320623
1061,186.1,0.1528731906668172
1062,186.2,0.38582136731553757
1063,186.3,0.1058566757845516
1064,186.4,0.30431914837950563
1065,186.5,0.07794557823644466
1066,186.6,0.3417741016757918
1067,186.7,0.2268545810452082
1068,186.8,0.29123102355229064
1069,186.9,0.26634608992426784
1070,187.0,0.16255828985588705
1071,187.1,0.35768586867938584
1072,187.2,0.20084069951556527
1073,187.3,0.34196326831628815
1074,187.4,0.42213111051447316
1075,187.5,0.5347974573670883
1076,187.6,0.26216349611890594
1077,187.7,0.3813722398406795
1078,187.8,0.3391286004407948
1079,187.9,0.394968470582461
1080,188.0,0.3688781811168801
1081,188.1,0.33937694886620406
1082,188.2,0.28916190246768525
1083,188.3,0.4693183563053968
1084,188.4,0.398819047248636
1085,188.5,0.2638668323333157
1086,188.6,0.33083286462590755
1087,188.7,0.3760733846495008
1088,188.8,0.5281337017603314
1089,188.9,0.4372961677412136
1090,189.0,0.5415549724847436
1091,189.1,0.4091636470393995
1092,189.2,0.4039156369664109
1093,189.3,0.3104999263267235
1094,189.4,0.2837083445693935
1095,189.5,0.38378142557134853
1096,189.6,0.37950691685213556
1097,189.7,0.45796172857839124
1098,189.8,0.37010778250408893
1099,189.9,0.6245164281505458
1100,190.0,0.58289504986011
1101,190.1,0.6331712818070909
1102,190.2,0.5390556244781936
1103,190.3,0.6529813370416687
1104,190.4,0.6256057401078147
1105,190.5,0.6342470637520372
1106,190.6,0.69872724219883
1107,190.7,0.4309400210178731
1108,190.8,0.5167711426791033
1109,190.9,0.6103098072108007
1110,191.0,0.4596102126766455
1111,191.1,0.6971941158780733
1112,191.2,0.6826779070716856
1113,191.3,0.7391448456006113
1114,191.4,0.6793831327830726
1115,191.5,0.7645018225977611
1116,191.6,0.857633154927584
1117,191.7,0.8610193568763466
1118,191.8,0.7314011713062737
1119,191.9,0.7804153436106719
1120,192.0,0.7648815063790146
1121,192.1,0.9733934121126615
1122,192.2,0.873304587530149
1123,192.3,0.8761739296472079
1124,192.4,1.0486160940340383
1125,192.5,0.9844841196961249
1126,192.6,1.0016334239180429
1127,192.7,1.0618167928521978
1128,192.8,1.0239358477816274
1129,192.9,1.1111178550327523
1130,193.0,1.0086744474164964
1131,193.1,1.1395411390897736
1132,193.2,1.2702546002053574
1133,193.3,1.1503972064785029
1134,193.4,1.3283194180356102
1135,193.5,1.2838875002598278
1136,193.6,1.3701212697724519
1137,193.7,1.2306119381162153
1138,193.8,1.520683370773291
1139,193.9,1.3272555065261915
1140,194.0,1.4571170396626985
1141,194.1,1.6675863291210131
1142,194.2,1.5943556965705816
1143,194.3,1.6967221984489396
1144,194.4,1.5671684814260634
1145,194.5,1.6509110735102226
1146,194.6,2.0279045084221368
1147,194.7,1.7831055428782137
1148,194.8,1.7704948450864961
1149,194.9,1.815885550970587
1150,195.0,2.068902720880204
1151,195.1,2.1356689799488286
1152,195.2,1.9965872268027245
1153,195.3,2.0303109637269743
1154,195.4,2.235677245606839
1155,195.5,2.203724087407803
1156,195.6,2.435481843792906
1157,195.7,2.358933292444381
1158,195.8,2.497366141426089
1159,195.9,2.378583411156466
1160,196.0,2.7015944564944867
1161,196.1,2.549878733332104
1162,196.2,2.6844311751645615
1163,196.3,2.8908769605986078
1164,196.4,2.932301575866135
1165,196.5,2.9327487263865986
1166,196.6,3.1485588172437775
1167,196.7,3.184872016786186
1168,196.8,3.030383841932265
1169,196.9,2.9383578532578336
1170,197.0,3.3722443753284317
1171,197.1,3.3465372124838852
1172,197.2,3.332710851861205
1173,197.3,3.263409985335515
1174,197.4,3.553397346248185
1175,197.5,3.4320692799164125
1176,197.6,3.4831711886673307
1177,197.7,3.4857231830944637
1178,197.8,3.694546120646001
1179,197.9,3.7073626710569747
1180,198.0,3.798738688173519
1181,198.1,3.8729909372687175
1182,198.2,3.8904580106952076
1183,198.3,3.8512066506844977
1184,198.4,3.6997571927290047
1185,198.5,3.8990364500907786
1186,198.6,3.971333511906952
1187,198.7,3.995108308727004
1188,198.8,4.06677137086028
1189,198.9,4.0480029401719735
1190,199.0,4.154454684972195
1191,199.1,4.135952324431356
1192,199.2,3.975511334048129
1193,199.3,4.20186607573364
1194,199.4,4.20534112160899
1195,199.5,4.332504988936075
1196,199.6,4.104514925154075
1197,199.7,4.3768661976870655
1198,199.8,4.348977180368148
1199,199.9,4.289019013708317
1200,200.0,4.432649620355938
1201,200.1,4.241938250057553
1202,200.2,4.248495299009494
1203,200.3,4.254239256955701
1204,200.4,4.372914627990564
1205,200.5,4.261504121991841
1206,200.6,4.309738280335182
1207,200.7,4.117075368579469
1208,200.8,4.051210038397386
1209,200.9,4.205762573956001
1210,201.0,4.169768451079914
1211,201.1,4.061199987088231
1212,201.2,4.116951153403965
1213,201.3,3.855649418844991
1214,201.4,3.992974450721806
1215,201.5,4.144854863924535
1216,201.6,3.952950081681549
1217,201.7,3.8829097423668855
1218,201.8,3.740644892859812
1219,201.9,3.7757133194919996
1220,202.0,3.764200988144116
1221,202.1,3.7173665975407446
1222,202.2,3.672286363914
1223,202.3,3.541347085414844
1224,202.4,3.7214622200135206
1225,202.5,3.468599096370186
1226,202.6,3.4568790607927427
1227,202.7,3.446659200899002
1228,202.8,3.3996023352458598
1229,202.9,3.417634174036711
1230,203.0,3.1711836407467353
1231,203.1,3.259303672144814
1232,203.2,3.1684695501211992
1233,203.3,3.0171821159642205
1234,203.4,2.941519357110345
1235,203.5,2.8652946584872767
1236,203.6,2.9819239014834737
1237,203.7,2.946528847020376
1238,203.8,2.754196692586297
1239,203.9,2.84117799877554
1240,204.0,2.6511999334885523
1241,204.1,2.721228148542023
1242,204.2,2.3590782762462377
1243,204.3,2.4599764471230006
1244,204.4,2.363309422005596
1245,204.5,2.3382032415579457
1246,204.6,2.3688348381104034
1247,204.7,2.197411724649457
1248,204.8,2.2368016731566063
1249,204.9,2.0178570464498433
1250,205.0,2.0313765163017363
1251,205.1,2.103023992764694
1252,205.2,2.0094867752437384
1253,205.3,2.0437738694902396
1254,205.4,1.9192036600368831
1255,205.5,1.846282665467515
1256,205.6,1.6826840172392092
1257,205.7,1.8212583546232417
1258,205.8,1.8338900686145305
1259,205.9,1.7863825126815067
1260,206.0,1.5390238232894182
1261,206.1,1.6072824852240433
1262,206.2,1.4734558440184662
1263,206.3,1.6418638764530873
1264,206.4,1.3616003045896832
1265,206.5,1.4968877459509657
1266,206.6,1.3392741478671553
1267,206.7,1.220586204808707
1268,206.8,1.2617088517534278
1269,206.9,1.3661824660190898
1270,207.0,1.3686218996636004
1271,207.1,1.2232645929899049
1272,207.2,1.3571573562130397
1273,207.3,1.1373472312694204
1274,207.4,1.266048793470221
1275,207.5,1.0832599751068115
1276,207.6,0.988647071793354
1277,207.7,0.9237517284375418
1278,207.8,0.982499974022215
1279,207.9,0.9579054503993891
1280,208.0,1.132591662544826
1281,208.1,0.8533260875350894
1282,208.2,0.7713401205012296
1283,208.3,0.8714414063929947
1284,208.4,1.000055730064951
1285,208.5,0.7812898277420062
1286,208.6,0.9212989122777102
1287,208.7,0.6086132876583479
1288,208.8,0.8164305887494364
1289,208.9,0.7752669511283401
1290,209.0,0.6696224249965845
1291,209.1,0.8505037865662255
1292,209.2,0.963147003362055
1293,209.3,0.7157771424266349
1294,209.4,0.7558063843736234
1295,209.5,0.7804447213781928
1296,209.6,1.048836722321666
1297,209.7,0.9180003311259308
1298,209.8,0.8761189156158853
1299,209.9,0.700310087068275
1300,210.0,0.8164851829410519
1301,210.1,0.7699811783641842
1302,210.2,0.7098915925362204
1303,210.3,0.9522954800561493
1304,210.4,0.8244857421714558
1305,210.5,0.7221347957024191
1306,210.6,0.7658021686112937
1307,210.7,0.6064106022712583
1308,210.8,0.7303325955851808
1309,210.9,0.7632629775424842
1310,211.0,0.7151087268913467
1311,211.1,1.0337458144022784
1312,211.2,0.9798739159185594
1313,211.3,0.701665351871692
1314,211.4,0.7877194169223023
1315,211.5,0.7875190464856971
1316,211.6,0.7615072971094539
1317,211.7,0.6386954296049059
1318,211.8,0.7960445418323331
1319,211.9,0.6395033082165862
1320,212.0,0.8393704260620972
1321,212.1,0.6920325819003479
1322,212.2,0.8917339778509266
1323,212.3,0.529144516302557
1324,212.4,0.8995572285929115
1325,212.5,0.8864613673234467
1326,212.6,0.7934564936273079
1327,212.7,0.9894043382180542
1328,212.8,0.9414931051500125
1329,212.9,0.9695966265484669
1330,213.0,0.9614336118182313
1331,213.1,0.9045783951053092
1332,213.2,1.034570073937007
1333,213.3,0.9914346470184153
1334,213.4,1.1287466854457586
1335,213.5,1.0910012931447386
1336,213.6,1.0177721936529234
1337,213.7,1.1077884014511457
1338,213.8,1.1235853051812852
1339,213.9,1.1138767774913965
1340,214.0,1.21388114307319
1341,214.1,1.172665520923778
1342,214.2,1.3340419980320308
1343,214.3,1.3636318154161533
1344,214.4,1.1299800295098983
1345,214.5,1.1275246238012238
1346,214.6,1.467517704124497
1347,214.7,1.302960221830111
1348,214.8,1.4278359300479826
1349,214.9,1.5374655376724107
1350,215.0,1.5057638795416022
1351,215.1,1.483348882875319
1352,215.2,1.6286796260613512
1353,215.3,1.696435678840368
1354,215.4,1.651622047095311
1355,215.5,1.570000461708317
1356,215.6,1.5982843028675844
1357,215.7,1.6775691731314235
1358,215.8,1.7696989718072427
1359,215.9,1.7298192808873498
1360,216.0,1.9760393204523998
1361,216.1,1.8251517383085374
1362,216.2,1.9149576844678804
1363,216.3,1.9718992644228992
1364,216.4,1.973587260770823
1365,216.5,2.0000722648263896
1366,216.6,2.1940019505877153
1367,216.7,2.0810545697607243
1368,216.8,2.2152278131463894
1369,216.9,2.1671835664183545
1370,217.0,2.332339932134045
1371,217.1,2.2046402061880297
1372,217.2,2.2842477896405056
1373,217.3,2.475707766435258
1374,217.4,2.2720582759516246
1375,217.5,2.4301633097595827
1376,217.6,2.3829463694678563
1377,217.7,2.2986535037332207
1378,217.8,2.479337015916967
1379,217.9,2.5222534494903917
1380,218.0,2.5601479581300115
1381,218.1,2.725549780950315
1382,218.2,2.571572830044711
1383,218.3,2.8069750587049285
1384,218.4,2.880548911050901
1385,218.5,2.886410639353849
1386,218.6,2.818294193115503
1387,218.7,2.9271118354681493
1388,218.8,2.8323862264483117
1389,218.9,2.8103052131968975
1390,219.0,2.7323833790206145
1391,219.1,2.6662807014809875
1392,219.2,3.002639772679306
1393,219.3,2.6977402586285635
1394,219.4,3.0396336474751835
1395,219.5,2.910049092457566
1396,219.6,2.919302689239783
1397,219.7,2.672177855402591
1398,219.8,2.786538472920347
1399,219.9,2.8076972772366378
1400,220.0,3.005520195768492
1401,220.1,2.8761217874377683
1402,220.2,2.898262012544601
1403,220.3,2.8982791834006076
1404,220.4,2.955341500092556
1405,220.5,2.8258992861398857
1406,220.6,2.817093523322788
1407,220.7,2.8408022540539655
1408,220.8,2.7674852660783444
1409,220.9,2.7470524524854656
1410,221.0,2.7333079229330672
1411,221.1,2.643112086976855
1412,221.2,2.79816000142004
1413,221.3,2.8069929453569014
1414,221.4,2.7931298772560678
1415,221.5,2.746715076930955
1416,221.6,2.690025138826084
1417,221.7,2.702262751229442
1418,221.8,2.7323034528082473
1419,221.9,2.6234036289220746
1420,222.0,2.4395270316222404
1421,222.1,2.5172224056547097
1422,222.2,2.649121336673614
1423,222.3,2.2773497709693578
1424,222.4,2.372286112862258
1425,222.5,2.440512613317291
1426,222.6,2.317056883882915
1427,222.7,2.2682064702740483
1428,222.8,2.311391357870301
1429,222.9,2.3057541679781948
1430,223.0,2.1998205756754428
1431,223.1,1.9841687259025027
1432,223.2,2.0064964974500774
1433,223.3,1.878767637450641
1434,223.4,1.9928341207287428
1435,223.5,1.9906406961012248
1436,223.6,1.7912786475941687
1437,223.7,1.8325816961671815
1438,223.8,1.7258938666065793
1439,223.9,1.8357570061626594
1440,224.0,1.769371236486304
1441,224.1,1.689604865853064
1442,224.2,1.7798100721570052
1443,224.3,1.6143775385009274
1444,224.4,1.4041470384773507
1445,224.5,1.5591549885773999
1446,224.6,1.4311113989210071
1447,224.7,1.4234102217240128
1448,224.8,1.4216195019021458
1449,224.9,1.4679764943149853
1450,225.0,1.4250760969085523
1451,225.1,1.448155524901271
1452,225.2,1.2110679679612821
1453,225.3,1.2043405292162275
1454,225.4,1.135587401474861
1455,225.5,1.358339255936369
1456,225.6,1.1391254885570876
1457,225.7,1.1460807111711921
1458,225.8,1.010301798241465
1459,225.9,1.034354344516166
1460,226.0,1.0501669301007184
1461,226.1,0.9954812200095466
1462,226.2,1.1298828292403194
1463,226.3,0.9664531526190377
1464,226.4,0.9360400323465405
1465,226.5,1.0618018419528166
1466,226.6,0.9705406942977992
1467,226.7,0.7311342562747398
1468,226.8,0.8942067008449962
1469,226.9,0.6189786538125135
1470,227.0,0.6364533202990885
1471,227.1,0.7820148159732919
1472,227.2,0.656502755086753
1473,227.3,0.7319538386606715
1474,227.4,0.7030166893814531
1475,227.5,0.5872195142380001
1476,227.6,0.5171041883304943
1477,227.7,0.5639203648769819
1478,227.8,0.6454306401111003
1479,227.9,0.6005899078341945
1480,228.0,0.6228379083070034
1481,228.1,0.6358602435785689
1482,228.2,0.6813401988027922
1483,228.3,0.6196374915569706
1484,228.4,0.5949597220085243
1485,228.5,0.7393032162966101
1486,228.6,0.4411644814229003
1487,228.7,0.4299147433772548
1488,228.8,0.4680245267693669
1489,228.9,0.5675559507111605
1490,229.0,0.5533570045766727
1491,229.1,0.33979717179428
1492,229.2,0.44894884751224795
1493,229.3,0.4288014210886871
1494,229.4,0.4729984873339924
1495,229.5,0.45495543661569005
1496,229.6,0.39504250122963197
1497,229.7,0.41509027254020303
1498,229.8,0.33781496681969986
1499,229.9,0.3901382785175418
1500,230.0,0.3785573148050654
1501,230.1,0.2472907497931807
1502,230.2,0.18155979712472833
1503,230.3,0.08943170933641875
1504,230.4,0.4483780815558538
1505,230.5,0.4254677348869688
1506,230.6,0.10576471710307478
1507,230.7,0.33088383182603154
1508,230.8,0.32277875361921204
1509,230.9,0.21580185347558611
1510,231.0,0.31561330661075904
1511,231.1,0.40666371725379186
1512,231.2,0.22643412647306413
1513,231.3,0.2601169378757885
1514,231.4,0.2360391770772663
1515,231.5,0.4664017059101977
1516,231.6,0.35127472365155943
1517,231.7,0.3215935497085998
1518,231.8,0.34335288149612136
1519,231.9,0.40865730782885756
1520,232.0,0.4289309649552316
1521,232.1,0.1307136963568167
1522,232.2,0.3079742178779452
1523,232.3,0.44051594782635106
1524,232.4,0.45268734784254694
1525,232.5,0.20308902203009732
1526,232.6,0.3018796712607452
1527,232.7,0.3771388213732945
1528,232.8,0.15911189661638764
1529,232.9,0.4165556397840182
1530,233.0,0.2596332216005589
1531,233.1,0.27282461580493145
1532,233.2,0.2055845791912634
1533,233.3,0.4553740891540695
1534,233.4,0.26699385095599226
1535,233.5,0.22969632522953876
1536,233.6,0.18633518495226978
1537,233.7,0.15615066078252293
1538,233.8,0.2755283558646852
1539,233.9,0.3495627791813455
1540,234.0,0.355500210926653
1541,234.1,0.1189836141539135
1542,234.2,0.3589439296524116
1543,234.3,0.28660335889235883
1544,234.4,0.418317604025402
1545,234.5,0.3468192449002446
1546,234.6,0.2818218279919942
1547,234.7,-0.021952722756578863
1548,234.8,0.10345212516495278
1549,234.9,0.1611525281570706
1550,235.0,0.3354550184926276
1551,235.1,0.18242822588028124
1552,235.2,0.32508154546340523
1553,235.3,0.2621541698325995
1554,235.4,0.40319205883352305
1555,235.5,0.40194759399966795
1556,235.6,0.26874172824331005
1557,235.7,0.30267993158039963
1558,235.8,0.2512461340014412
1559,235.9,0.019564847940854585
1560,236.0,0.2444083625693346
1561,236.1,-0.010581855157970999
1562,236.2,0.26150005623442996
1563,236.3,0.03844559327126157
1564,236.4,0.1037511539496618
1565,236.5,0.3951858450987341
1566,236.6,0.16625958287536108
1567,236.7,0.25591362906230225
1568,236.8,0.285804043396884
1569,236.9,0.18059716685985963
1570,237.0,0.32143382078361754
1571,237.1,0.25155586948263825
1572,237.2,0.1627663780366181
1573,237.3,0.25568591418398007
1574,237.4,0.18748754595664469
1575,237.5,0.39053963938486896
1576,237.6,0.2935832739288197
1577,237.7,0.1652489182385921
1578,237.8,0.2421654634478696
1579,237.9,0.3206874677862753
1580,238.0,0.2825258708928563
1581,238.1,0.4544515548866448
1582,238.2,0.4032604739741074
1583,238.3,0.2706142574129817
1584,238.4,0.38078107218355595
1585,238.5,0.46192728594474886
1586,238.6,0.46819763372298573
1587,238.7,0.22244604375732288
1588,238.8,0.14679511438377155
1589,238.9,0.3846382796056256
1590,239.0,0.15976724446616997
1591,239.1,0.22608427172932732
1592,239.2,0.38414837592960954
1593,239.3,0.2169458124571479
1594,239.4,0.2469893516018959
1595,239.5,0.4332392010750836
1596,239.6,0.35612752254917707
1597,239.7,0.36559586760754914
1598,239.8,0.457149261897166
1599,239.9,0.16318762352362692
1600,240.0,0.26392774708100375
1601,240.1,0.35617301671189433
1602,240.2,0.3635344530344449
1603,240.3,0.29754936115601494
1604,240.4,0.30695155151047765
1605,240.5,0.37973298745627027
1606,240.6,0.23308682348841137
1607,240.7,0.5153277689771951
1608,240.8,0.5234444283327269
1609,240.9,0.43790470328962816
1610,241.0,0.43397840976799507
1611,241.1,0.33290244409800634
1612,241.2,0.40856910290505
1613,241.3,0.4530149068396489
1614,241.4,0.47935893566821314
1615,241.5,0.40757424798973735
1616,241.6,0.5211128975787822
1617,241.7,0.6696275505583723
1618,241.8,0.5283364233121388
1619,241.9,0.47454813149758823
1620,242.0,0.45052277423893755
1621,242.1,0.6107109149345257
1622,242.2,0.615717357149281
1623,242.3,0.5869997027249115
1624,242.4,0.679803594694861
1625,242.5,0.5365784047497425
1626,242.6,0.6401762367935917
1627,242.7,0.5271386962883962
1628,242.8,0.8550132586097323
1629,242.9,0.5639692009969913
1630,243.0,0.8120365588707554
1631,243.1,0.7075554252708036
1632,243.2,0.7067524354143788
1633,243.3,0.7935760180106295
1634,243.4,0.7713681117369712
1635,243.5,0.818603207127353
1636,243.6,0.8273915930662132
1637,243.7,0.7183462676179215
1638,243.8,1.069095794432072
1639,243.9,0.8439258826391711
1640,244.0,0.9213437301617721
1641,244.1,1.015631287068017
1642,244.2,1.0736419432283502
1643,244.3,1.0956468832934956
1644,244.4,0.9145530832944332
1645,244.5,1.0465130859515215
1646,244.6,1.1007678085233443
1647,244.7,1.2852643191610014
1648,244.8,1.098229309175411
1649,244.9,1.1201720559835553
1650,245.0,1.3779615774415284
1651,245.1,1.3161176949956923
1652,245.2,1.1306974742300895
1653,245.3,1.350707274501011
1654,245.4,1.476442272508872
1655,245.5,1.2706986536308815
1656,245.6,1.551670227526639
1657,245.7,1.4303302301330154
1658,245.8,1.6606999955444137
1659,245.9,1.6284738468721391
1660,246.0,1.5366179280591035
1661,246.1,1.64144527476795
1662,246.2,1.6522842735741499
1663,246.3,1.4840462693884142
1664,246.4,1.7637771271091334
1665,246.5,1.7791788236016075
1666,246.6,1.5738789399412259
1667,246.7,1.981817956364618
1668,246.8,1.9591665133527472
1669,246.9,1.8206874933883697
1670,247.0,1.8602492228787189
1671,247.1,2.1991772878014335
1672,247.2,2.04938246210914
1673,247.3,2.19988037996174
1674,247.4,2.19366023684763
1675,247.5,2.1395663875205586
1676,247.6,2.169141539193287
1677,247.7,2.1617627135391957
1678,247.8,2.0190228945977293
1679,247.9,2.173153530088582
1680,248.0,2.1432768964485347
1681,248.1,2.121261842208291
1682,248.2,2.3601459058674457
1683,248.3,2.2862184245064583
1684,248.4,2.442066672324556
1685,248.5,2.4622248666975253
1686,248.6,2.4011896321139083
1687,248.7,2.526927046835731
1688,248.8,2.2870032472181405
1689,248.9,2.4880564512289416
1690,249.0,2.547468921983911
1691,249.1,2.3170301079790736
1692,249.2,2.615640504113041
1693,249.3,2.3961818075534
1694,249.4,2.5007714498482474
1695,249.5,2.4824572401831464
1696,249.6,2.6330899127234417
1697,249.7,2.5513782629311503
1698,249.8,2.6519561263239506
1699,249.9,2.567601523583304
1700,250.0,2.530323844750215
1701,250.1,2.5528505081488704
1702,250.2,2.588394342741738
1703,250.3,2.5261326317132653
1704,250.4,2.5305133916713105
1705,250.5,2.609109081232248
1706,250.6,2.391027217994916
1707,250.7,2.4943641180555463
1708,250.8,2.5684057714982087
1709,250.9,2.4674615584755335
1710,251.0,2.354819570346183
1711,251.1,2.50262868839271
1712,251.2,2.5640072666934923
1713,251.3,2.4866231587040972
1714,251.4,2.3441184116635267
1715,251.5,2.3993407977969414
1716,251.6,2.1878078181657843
1717,251.7,2.4116212541500284
1718,251.8,2.250603798350446
1719,251.9,2.3772072188119884
1720,252.0,2.2801806510948106
1721,252.1,2.2746041662908687
1722,252.2,2.3063645546083604
1723,252.3,2.0048407700063535
1724,252.4,2.1196567589587523
1725,252.5,2.032288031765056
1726,252.6,1.9815111378414205
1727,252.7,2.0834303065472812
1728,252.8,1.918072602456173
1729,252.9,1.8844658098591396
1730,253.0,1.8141113364461923
1731,253.1,1.938665103940762
1732,253.2,1.770642471653538
1733,253.3,1.7469222623407563
1734,253.4,1.611535182998285
1735,253.5,1.6310005026522747
1736,253.6,1.8273561303275894
1737,253.7,1.6038026771703322
1738,253.8,1.5401672283718313
1739,253.9,1.6628274057464019
1740,254.0,1.4042018875199886
1741,254.1,1.5453729537734346
1742,254.2,1.5405640391702662
1743,254.3,1.5040988872324743
1744,254.4,1.3897190902966008
1745,254.5,1.3166315435721503
1746,254.6,1.5258527804522555
1747,254.7,1.3984248702295825
1748,254.8,1.2446561925543353
1749,254.9,1.2934435904718913
1750,255.0,1.1267293427374243
1751,255.1,1.3071213449957524
1752,255.2,1.1397972015946898
1753,255.3,1.0637568800588184
1754,255.4,1.2867299097604576
1755,255.5,1.1060247741509195
1756,255.6,0.8057928170959443
1757,255.7,1.005056572174206
1758,255.8,1.0024564348033027
1759,255.9,0.9330137187259645
1760,256.0,0.9296494876929831
1761,256.1,0.9369720065470385
1762,256.2,0.8138518151262467
1763,256.3,0.8506496121429103
1764,256.4,0.6978671793764912
1765,256.5,0.7641273596002444
1766,256.6,0.77673784600828
1767,256.7,0.7517972165682711
1768,256.8,0.6897826565705879
1769,256.9,0.8527827155015657
1770,257.0,0.6594457872882181
1771,257.1,0.6593842534628859
1772,257.2,0.49057291897911526
1773,257.3,0.6784645538253571
1774,257.4,0.7344743880468926
1775,257.5,0.48060667752378583
1776,257.6,0.6990366115796064
1777,257.7,0.3963906009190371
1778,257.8,0.5962698095773811
1779,257.9,0.44575002417189136
1780,258.0,0.393065385270158
1781,258.1,0.5662071580139796
1782,258.2,0.38396706986170326
1783,258.3,0.4248568695054551
1784,258.4,0.40464344061950264
1785,258.5,0.4543598070778176
1786,258.6,0.2562117678889943
1787,258.7,0.3552000427526446
1788,258.8,0.18479585173584037
1789,258.9,0.3356782629081822
1790,259.0,0.349848168337338
1791,259.1,0.4034930449984956
1792,259.2,0.3276863259999354
1793,259.3,0.18531623386959528
1794,259.4,0.2329896093070436
1795,259.5,0.15102079949537028
1796,259.6,0.4535711264042012
1797,259.7,0.3261586624394713
1798,259.8,0.20044118415618464
1799,259.9,0.35143882929828213
1800,260.0,0.31782111243125827
1801,260.1,0.07641309552112935
1802,260.2,0.38823626786308013
1803,260.3,0.5240775289253654
1804,260.4,0.211052114335451
1805,260.5,0.3378705003960517
1806,260.6,0.3545783756641821
1807,260.7,0.19383445191633844
1808,260.8,0.20861242568509097
1809,260.9,0.1374556804184336
1810,261.0,0.20739717342930147
1811,261.1,0.11126009066772902
1812,261.2,0.24689494553021385
1813,261.3,0.3578531768940797
1814,261.4,0.09880153816306259
1815,261.5,0.24556137084253635
1816,261.6,0.11775588687298855
1817,261.7,0.2594331612303975
1818,261.8,0.10179288506762718
1819,261.9,0.21709317967335837
1820,262.0,0.28488246599085204
1821,262.1,0.057805797930671365
1822,262.2,0.021442229782351996
1823,262.3,0.15789888862006582
1824,262.4,0.19645672637325484
1825,262.5,0.29719632002561647
1826,262.6,0.12148666371066033
1827,262.7,0.24925304844298363
1828,262.8,0.20294478333512037
1829,262.9,0.10575808537915035
1830,263.0,0.10996870269482667
1831,263.1,0.07069686052717232
1832,263.2,-0.07961293967201788
1833,263.3,0.095503238189967
1834,263.4,0.13772912151812916
1835,263.5,0.07050772871140432
1836,263.6,0.330864736833051
1837,263.7,0.31542776030081066
1838,263.8,0.25641437076893875
1839,263.9,0.09409788731079644
1840,264.0,0.1160172963270519
1841,264.1,0.11007174486300562
1842,264.2,0.42145381580104446
1843,264.3,0.09771791887265219
1844,264.4,0.3696120104906413
1845,264.5,0.07397305188759233
1846,264.6,0.07825382268978638
1847,264.7,0.09400761947871976
1848,264.8,-0.07202319579107397
1849,264.9,0.009263201879565724
1850,265.0,0.23685768445976313
1851,265.1,0.22195668637124855
1852,265.2,0.202286012712857
1853,265.3,0.13888350435379215
1854,265.4,0.18710373166997363
1855,265.5,0.10595538189017019
1856,265.6,0.3145142608007395
1857,265.7,0.16369271461504786
1858,265.8,0.0929927789571449
1859,265.9,0.09441108590599817
1860,266.0,0.21683624804753543
1861,266.1,0.07396715641536197
1862,266.2,0.03589297785579569
1863,266.3,0.07644950466084197
1864,266.4,-0.07324001175660842
1865,266.5,0.06018358067832184
1866,266.6,0.0815003150224921
1867,266.7,0.30819568746437304
1868,266.8,0.017044410536095136
1869,266.9,0.06725799544089095
1870,267.0,-0.024184523112812384
1871,267.1,-0.12758594053976718
1872,267.2,0.09195935783491754
1873,267.3,0.10126221261668958
1874,267.4,-0.10904294569678342
1875,267.5,-0.02702302571686349
1876,267.6,0.28495274577689267
1877,267.7,0.054242050138644325
1878,267.8,-0.1154313328761364
1879,267.9,-0.07429821773735071
1880,268.0,0.22699819856793096
1881,268.1,-0.0036184045465401105
1882,268.2,0.07131328270346358
1883,268.3,0.10139655375163582
1884,268.4,0.24019455366587486
1885,268.5,-0.05068862952823386
1886,268.6,0.15980731033629317
1887,268.7,0.06798770225608784
1888,268.8,0.09274656838866671
1889,268.9,0.23322121921705843
1890,269.0,-0.02062548472487369
1891,269.1,-0.05585069075307536
1892,269.2,0.009207907992831513
1893,269.3,-0.021506217556156115
1894,269.4,0.17012587580476463
1895,269.5,-0.06552991604516459
1896,269.6,0.20527356138330843
1897,269.7,0.07045357710740163
1898,269.8,0.1670406269605058
1899,269.9,0.13787742115594975
1900,270.0,0.17665334909933272
1901,270.1,0.1650502152862627
1902,270.2,-0.04364548430586941
1903,270.3,0.14681513083000935
1904,270.4,-0.04570202805129302
1905,270.5,-0.035852297521875603
1906,270.6,0.009728322259868513
1907,270.7,0.12852686529548207
1908,270.8,0.09749823202901073
1909,270.9,0.12311236528377081
1910,271.0,0.09774572120359404
1911,271.1,0.068252527865111
1912,271.2,-0.04327060152424943
1913,271.3,0.03848618813789552
1914,271.4,-0.07106396340863376
1915,271.5,0.33602213708794804
1916,271.6,-0.19444763339189133
1917,271.7,0.09797990438960569
1918,271.8,0.06930188840253113
1919,271.9,-0.027458626124245808
1920,272.0,-0.18613694059090527
1921,272.1,0.17115851261408802
1922,272.2,0.039923529432797804
1923,272.3,-0.02349183456789189
1924,272.4,0.01907472836742906
1925,272.5,0.14641402727892788
1926,272.6,0.062470813217212116
1927,272.7,0.15896938262908378
1928,272.8,0.0238246490263455
1929,272.9,-0.11523950448509297
1930,273.0,0.1541269491384904
1931,273.1,0.03678559123552266
1932,273.2,0.14162666655676098
1933,273.3,-0.1328655923871485
1934,273.4,0.07000638205763035
1935,273.5,0.09020149691804565
1936,273.6,0.14657795120355754
1937,273.7,0.11873454462472172
1938,273.8,0.1435214148576764
1939,273.9,0.01856272334275056
1940,274.0,0.01543647056621883
1941,274.1,0.04511327708845499
1942,274.2,0.18252660383051098
1943,274.3,-0.09693572128002215
1944,274.4,0.01564627820257969
1945,274.5,0.2127590175563696
1946,274.6,-0.09886330378245918
1947,274.7,0.12480581199679888
1948,274.8,0.08730746105313927
1949,274.9,-0.09964205833054744
1950,275.0,0.10867959431876978
1951,275.1,0.06519458007193363
1952,275.2,0.04829845970137621
1953,275.3,0.005251465899143881
1954,275.4,-0.15293443659672565
1955,275.5,-0.011544562877753697
1956,275.6,-0.09230525113548414
1957,275.7,-0.006921657548403806
1958,275.8,0.055141471290327065
1959,275.9,0.011214686219699892
1960,276.0,0.18619014873345435
1961,276.1,0.04682623962886125
1962,276.2,0.10092250133885435
1963,276.3,0.10428331756907543
1964,276.4,-0.004240928102771824
1965,276.5,0.14001259193802443
1966,276.6,0.012096023223398318
1967,276.7,-0.026919902881720796
1968,276.8,0.03762682586782568
1969,276.9,0.31529388618143034
1970,277.0,0.22214599786055167
1971,277.1,-0.1093056868597049
1972,277.2,0.0006409765949344851
1973,277.3,-0.08132005806047556
1974,277.4,0.17201500564546496
1975,277.5,0.07992329250707503
1976,277.6,-0.01507358689428568
1977,277.7,0.019707746066542076
1978,277.8,-0.14430887180604632
1979,277.9,0.04147471931741462
1980,278.0,0.18377738950533087
1981,278.1,0.014792083130386605
1982,278.2,-0.004046995616717078
1983,278.3,0.12778175477058168
1984,278.4,0.07256270398841733
1985,278.5,0.0437033965662635
1986,278.6,0.10309449198759016
1987,278.7,-0.10937048969724274
1988,278.8,0.08497264668699549
1989,278.9,-0.11434248243393441
1990,279.0,0.26838592392868343
1991,279.1,0.05934612086889406
1992,279.2,0.20167740047279797
1993,279.3,0.05645130266085608
1994,279.4,0.04923192997006683
1995,279.5,0.08896817997278236
1996,279.6,0.034588149766603876
1997,279.7,0.03770692562627356
1998,279.8,0.06103218033587286
1999,279.9,-0.13137668472305122
2000,280.0,0.15453886030592107
2001,280.1,-0.004966558509375843
2002,280.2,-0.2824887216454029
2003,280.3,-0.019823000372549145
2004,280.4,0.08631723114524273
2005,280.5,0.11755710944712333
2006,280.6,-0.11870783377281983
2007,280.7,0.027539032963692766
2008,280.8,0.1622804343486483
2009,280.9,-0.11103629798362107
2010,281.0,-0.027035578886966102
2011,281.1,0.30482271149071993
2012,281.2,-0.1478500827271041
2013,281.3,-0.021012181232488346
2014,281.4,0.1569895644880549
2015,281.5,0.19382812796625917
2016,281.6,-0.002993443357891097
2017,281.7,0.03994408098881525
2018,281.8,0.07764981447362254
2019,281.9,0.10800090059053437
2020,282.0,-0.07007387434426811
2021,282.1,0.053289750369891545
2022,282.2,0.07443474611874104
2023,282.3,0.012194202681233689
2024,282.4,0.024107025700905563
2025,282.5,0.24178513086829995
2026,282.6,0.10078447032311397
2027,282.7,0.2986500962288874
2028,282.8,0.017292657731884712
2029,282.9,0.042269263454940594
2030,283.0,0.11682267900005747
2031,283.1,-0.0013096801726276766
2032,283.2,0.09298452777345154
2033,283.3,-0.027684348003662318
2034,283.4,0.17290643483988505
2035,283.5,0.04693981615327126
2036,283.6,0.23489913419221545
2037,283.7,0.10637596227802588
2038,283.8,-0.008380111674303563
2039,283.9,0.1236688874657096
2040,284.0,-0.06991594260420318
2041,284.1,0.017333320285947078
2042,284.2,-0.012342027456299705
2043,284.3,-0.07497073534532495
2044,284.4,-0.044862765891848365
2045,284.5,-0.17627059116959803
2046,284.6,-0.07712736579215501
2047,284.7,0.043404323452539
2048,284.8,0.03096756292039546
2049,284.9,0.11842757322413695
2050,285.0,0.11637108835214831
2051,285.1,-0.20079744699141125
2052,285.2,0.0512521213180536
2053,285.3,-0.01671847327433414
2054,285.4,0.02935032771487748
2055,285.5,0.1362608111590657
2056,285.6,0.05479281814705558
2057,285.7,0.04910654925330364
2058,285.8,-0.01790039188656839
2059,285.9,0.06340960054527385
2060,286.0,0.004420558582901506
2061,286.1,0.12405498585598282
2062,286.2,-0.004132811525092067
2063,286.3,0.28149684599976443
2064,286.4,0.07161165769009899
2065,286.5,-0.08366138938732363
2066,286.6,-0.2757368187939294
2067,286.7,0.0030680371525353967
2068,286.8,-0.03933854868285857
2069,286.9,0.10071689785103202
2070,287.0,0.00884195934379611
2071,287.1,-0.023251477478854803
2072,287.2,0.2170296180901012
2073,287.3,-0.018955890700204783
2074,287.4,0.12450107361700552
2075,287.5,-0.04111082002929306
2076,287.6,0.09524211409000574
2077,287.7,-0.002477452138249771
2078,287.8,-0.14083659042347796
2079,287.9,0.030292367868134634
2080,288.0,0.056156463578931136
2081,288.1,0.06027598023094796
2082,288.2,-0.01600524610140458
2083,288.3,0.10968099399126299
2084,288.4,0.08157396360835009
2085,288.5,0.07239123259976206
2086,288.6,0.06263149592063427
2087,288.7,0.13608024750474915
2088,288.8,-0.03829011043241181
2089,288.9,0.04868006737522226
2090,289.0,0.007975759712692803
2091,289.1,0.14105922907332483
2092,289.2,0.035204661825044364
2093,289.3,-0.029462406872199337
2094,289.4,-0.07655387539698817
2095,289.5,0.026526634703890377
2096,289.6,0.1254849339074574
2097,289.7,-0.04227106157021678
2098,289.8,0.012077402133284268
2099,289.9,-0.020749157568606
2100,290.0,-0.11648975579339538
2101,290.1,-0.05390815207083855
2102,290.2,0.17204829578621542
2103,290.3,0.08961656622299809
2104,290.4,-0.043710056488325204
2105,290.5,-0.0006027342728599644
2106,290.6,-0.011799122423556414
2107,290.7,-0.23415236506370377
2108,290.8,-0.17382221360625633
2109,290.9,0.15891835507682367
2110,291.0,-0.07018192863683606
2111,291.1,0.03067128986024486
2112,291.2,0.1460069070883933
2113,291.3,0.0031842853533046098
2114,291.4,0.10128062320643233
2115,291.5,-0.2090411494848045
2116,291.6,0.15378188155983472
2117,291.7,-0.02818848166184568
2118,291.8,0.0029796544915079368
2119,291.9,-0.028763945347392836
2120,292.0,0.05557735295875568
2121,292.1,-0.07861438376279245
2122,292.2,-0.003250718520704965
2123,292.3,0.14169906976725963
2124,292.4,-0.04264948428121958
2125,292.5,-0.0357590802199924
2126,292.6,-0.005214694238400729
2127,292.7,0.11362432728370407
2128,292.8,-0.04692171117535699
2129,292.9,0.09702627453884918
2130,293.0,-0.10903399773087989
2131,293.1,0.016772093841020397
2132,293.2,0.19044536710799154
2133,293.3,-0.08267607419172193
2134,293.4,-0.031138048875731242
2135,293.5,0.09630956852298014
2136,293.6,0.08107066443391622
2137,293.7,0.04029394977578021
2138,293.8,0.1346617868060957
2139,293.9,0.05155378066429436
2140,294.0,0.06722599378245063
2141,294.1,0.04254608128026435
2142,294.2,-0.08994933016456869
2143,294.3,0.11166722157423481
2144,294.4,-0.10316141336280818
2145,294.5,-0.03018313812302708
2146,294.6,-0.10376155834365974
2147,294.7,-0.0727858654816706
2148,294.8,0.01881984012974521
2149,294.9,0.2449917619717846
2150,295.0,0.054297087722445875
2151,295.1,0.08186917190526823
2152,295.2,0.08140466642384195
2153,295.3,0.11364192341330231
2154,295.4,-0.1668864334151176
2155,295.5,-0.08728485835831498
2156,295.6,-0.02978388217354769
2157,295.7,-0.12249352662197162
2158,295.8,-0.02667501660067593
2159,295.9,-0.002226046584817832
2160,296.0,-0.02428237391478233
2161,296.1,0.08921534399636352
2162,296.2,0.0047263372991275185
2163,296.3,-0.1554806748308758
2164,296.4,0.04655142709976904
2165,296.5,-0.14501652903375345
2166,296.6,0.020804451706601862
2167,296.7,-0.11427265750214986
2168,296.8,0.18439439516702183
2169,296.9,0.19491374000938122
2170,297.0,0.0014777784050593497
2171,297.1,-0.09457935909181635
2172,297.2,-0.02980155805434645
2173,297.3,0.06573376111343926
2174,297.4,0.08557263549885766
2175,297.5,-0.055396975049251375
2176,297.6,0.09260747254997839
2177,297.7,0.06908116890973404
2178,297.8,-0.04382145579507621
2179,297.9,0.0857788467673307
2180,298.0,0.09030954575626068
2181,298.1,0.15957897743770016
2182,298.2,0.034631759321693045
2183,298.3,0.11168193439113586
2184,298.4,0.05320184798840866
2185,298.5,-0.13008351540308236
2186,298.6,0.10802778546522661
2187,298.7,-0.09800655100473175
2188,298.8,-0.10640986788896176
2189,298.9,0.007145273468458431
2190,299.0,0.010103870270005415
2191,299.1,-0.043028068541298106
2192,299.2,0.08059059404517399
2193,299.3,0.02240919041515332
2194,299.4,0.07621708305090882
2195,299.5,-0.08941346557397643
2196,299.6,0.051194297811669995
2197,299.7,0.006620365096224651
2198,299.8,-0.08082744210442658
2199,299.9,0.05953391919080133
