x,y
50.0,0.1463389029193058
50.1,0.16904227153556411
50.2,0.14228348887199213
50.3,0.15632024016735163
50.4,0.16763762963945514
50.5,0.1520303399019201
50.6,0.15685916226704635
50.7,0.16247634134908615
50.8,0.17287648280801135
50.9,0.15189862474718152
51.0,0.16974062237639964
51.1,0.1643989047908369
51.2,0.16746033895347762
51.3,0.1739595475724879
51.4,0.1668608642145671
51.5,0.16494485372300244
51.6,0.16468368448004056
51.7,0.1664547919223309
51.8,0.14897463570222205
51.9,0.1800432080366533
52.0,0.16697636414003272
52.1,0.18047319338770654
52.2,0.15337834955419355
52.3,0.1706147069693335
52.4,0.15466259903879875
52.5,0.16050742652004296
52.6,0.15340978018234153
52.7,0.15273337303141815
52.8,0.1696394210574445
52.9,0.15017238642743183
53.0,0.15677048064041285
53.1,0.17195357573230585
53.2,0.17129348554441354
53.3,0.17508009243060788
53.4,0.16588677820385142
53.5,0.15564388185610978
53.6,0.1652497990749789
53.7,0.17197339159531996
53.8,0.16825725898696853
53.9,0.17283359803780549
54.0,0.159948434012859
54.1,0.170172962607519
54.2,0.15944269007793124
54.3,0.17341820603492145
54.4,0.1920051440237161
54.5,0.16154806288344725
54.6,0.1501072276050572
54.7,0.17011980594208087
54.8,0.16536962483325812
54.9,0.18138574376705652
55.0,0.17165893508057728
55.1,0.16871611650580837
55.2,0.15147069914060726
55.3,0.17898359910543638
55.4,0.14580004060907778
55.5,0.17593343784954876
55.6,0.16973853709866252
55.7,0.17467244467285148
55.8,0.19296373523155438
55.9,0.1836560142187882
56.0,0.17133519556794094
56.1,0.1796610629984115
56.2,0.15703443037901205
56.3,0.1717469908302896
56.4,0.16629115754372012
56.5,0.15532151884917497
56.6,0.1683060993048589
56.7,0.17145995636965553
56.8,0.17623760480374362
56.9,0.1770655222104303
57.0,0.18269647517663187
57.1,0.17593122752335907
57.2,0.17707295052429878
57.3,0.18263054135015266
57.4,0.16284255799759842
57.5,0.17423416267948555
57.6,0.1779292751060205
57.7,0.1516468739552703
57.8,0.18019856311399227
57.9,0.17817464810966172
58.0,0.1783894490196653
58.1,0.16398596374601562
58.2,0.18699130632224184
58.3,0.16633417532373965
58.4,0.17872351576425116
58.5,0.1797335133344258
58.6,0.18829026902602194
58.7,0.1897940403718448
58.8,0.18010778626776744
58.9,0.1797455141236099
59.0,0.18714189783512478
59.1,0.18035344229017458
59.2,0.17735491136559625
59.3,0.17928054388022455
59.4,0.1921565591416887
59.5,0.1869150689012324
59.6,0.1642082972080886
59.7,0.18791511726257862
59.8,0.1808204028791555
59.9,0.1696368155389099
60.0,0.19002363237097697
60.1,0.18834057514019442
60.2,0.1604416921829117
60.3,0.16212491898438722
60.4,0.1726446069235488
60.5,0.18582412945767893
60.6,0.17293222692388016
60.7,0.18524503404187542
60.8,0.17933376097813175
60.9,0.19747046995257808
61.0,0.18555325341305556
61.1,0.17890671795417679
61.2,0.1803150066680057
61.3,0.18375425129176104
61.4,0.19054458641786107
61.5,0.18152652351272533
61.6,0.2022468895988536
61.7,0.2050459479394834
61.8,0.17108320506026292
61.9,0.18933514983036376
62.0,0.18039797776467628
62.1,0.19019789583943814
62.2,0.19194597821492546
62.3,0.1820662921731896
62.4,0.18597164478184156
62.5,0.20457818792182939
62.6,0.19207670688388861
62.7,0.20098607424888468
62.8,0.1688047613298882
62.9,0.18179527829831438
63.0,0.2095067650811621
63.1,0.19877968232528012
63.2,0.1877967538895264
63.3,0.1866310410604912
63.4,0.1818902672836757
63.5,0.17194478932476745
63.6,0.19941174490733357
63.7,0.20855514730884506
63.8,0.19028518594469138
63.9,0.18239450323566628
64.0,0.19159654969933376
64.1,0.2039208314784046
64.2,0.18120008484393324
64.3,0.19666737506269866
64.4,0.17441552450267855
64.5,0.2049785944490426
64.6,0.19156663691192397
64.7,0.17973294676639245
64.8,0.19314694926712161
64.9,0.19634208413363022
65.0,0.1971416388179311
65.1,0.191847381274811
65.2,0.21257168092407677
65.3,0.1905556683651318
65.4,0.17004200810365794
65.5,0.1768603155727411
65.6,0.1985982332464523
65.7,0.1781120705310893
65.8,0.20306046909670533
65.9,0.20463388497146934
66.0,0.18455013209927967
66.1,0.18518177098362773
66.2,0.19753118660176625
66.3,0.1989212564772751
66.4,0.21230567690132354
66.5,0.20098018259032566
66.6,0.20924075102297007
66.7,0.1999048262338819
66.8,0.18973898288953506
66.9,0.18691403290255368
67.0,0.19773598137356554
67.1,0.20577934561462635
67.2,0.21687884285976636
67.3,0.20629238718023762
67.4,0.21925854836952813
67.5,0.18927935705047824
67.6,0.18142431280380078
67.7,0.19585281851447028
67.8,0.20576310037521686
67.9,0.2130885920999861
68.0,0.19551214439924153
68.1,0.2031858809211823
68.2,0.2006425312758993
68.3,0.21222842907744446
68.4,0.21200329459222214
68.5,0.20650218389381259
68.6,0.2014158237453022
68.7,0.2272500350111897
68.8,0.20031503669364728
68.9,0.20028608635775416
69.0,0.2167546138099271
69.1,0.2211418074991682
69.2,0.21323540574364938
69.3,0.2160474450432227
69.4,0.21099796420731634
69.5,0.19429538611907346
69.6,0.23610877303525465
69.7,0.19426853055366447
69.8,0.22392405394728798
69.9,0.20306206513153766
70.0,0.2186917388462408
70.1,0.19848155082216745
70.2,0.19190944441434854
70.3,0.20229342265782285
70.4,0.21358055729276457
70.5,0.2020377417154706
70.6,0.20579249326470705
70.7,0.22764474361357287
70.8,0.18980921428293057
70.9,0.18889852186621012
71.0,0.23449141908707258
71.1,0.21971464843697627
71.2,0.2160110472446149
71.3,0.21948216804421167
71.4,0.19991338223495986
71.5,0.21681797948742873
71.6,0.21817605641278207
71.7,0.21736037620076953
71.8,0.21405886861158277
71.9,0.2139107862034218
72.0,0.22304399149446055
72.1,0.20636606357307674
72.2,0.23038010984578322
72.3,0.20909054970183283
72.4,0.21715960173281249
72.5,0.23450905601473448
72.6,0.20407125458171835
72.7,0.22141678907575787
72.8,0.22350694723707767
72.9,0.22192514383051623
73.0,0.23626517457350033
73.1,0.23236299035926103
73.2,0.23328537932266388
73.3,0.222546289535082
73.4,0.2234580384857665
73.5,0.21806599397933493
73.6,0.22461954163876965
73.7,0.2256690045141789
73.8,0.24275497380210112
73.9,0.21964485119479438
74.0,0.22163706033844038
74.1,0.2170888114909637
74.2,0.22565546063210556
74.3,0.22581999788223814
74.4,0.21560133336483212
74.5,0.23803431847661644
74.6,0.24820565497650482
74.7,0.20857377508419014
74.8,0.2141824964238433
74.9,0.21351948641983765
75.0,0.23025232875914406
75.1,0.24839239986120065
75.2,0.23981199818171864
75.3,0.22238801260478777
75.4,0.21420926160967482
75.5,0.23365817390836335
75.6,0.21842975873587558
75.7,0.23329069680285497
75.8,0.2209856598416558
75.9,0.23282884233395376
76.0,0.2271916408961453
76.1,0.2282169480323027
76.2,0.23187867121368164
76.3,0.23125373326186727
76.4,0.2320338778132341
76.5,0.22505204953478164
76.6,0.22887456782200277
76.7,0.23265376371652915
76.8,0.22756776184833608
76.9,0.23396869694517736
77.0,0.21834063581242463
77.1,0.2369666170889954
77.2,0.23356960772040525
77.3,0.23464772137481962
77.4,0.24474198216312285
77.5,0.23310521509490115
77.6,0.2272029455892695
77.7,0.23458620244968237
77.8,0.23279042112365927
77.9,0.23661442483507575
78.0,0.23876998690592274
78.1,0.25692125663798243
78.2,0.23914833856835435
78.3,0.2567435576531743
78.4,0.23242536595707514
78.5,0.24237789993130232
78.6,0.22941923432639974
78.7,0.2542430598122868
78.8,0.23621972295270754
78.9,0.24127266450471796
79.0,0.24508676627418374
79.1,0.23584491382146536
79.2,0.24264718371342078
79.3,0.2703766182373603
79.4,0.2552898692863101
79.5,0.22739282714653855
79.6,0.2529423384544521
79.7,0.2593849809916839
79.8,0.24041831376533945
79.9,0.25067213936704685
80.0,0.2656279530741012
80.1,0.25828204742350946
80.2,0.2507945036769224
80.3,0.2571884912148377
80.4,0.2545604833135413
80.5,0.26286552428934046
80.6,0.2620976616190365
80.7,0.24535241934828744
80.8,0.24021556246635978
80.9,0.25527533104099753
81.0,0.26178172392085386
81.1,0.2525487086355136
81.2,0.2542887567246613
81.3,0.26103991426833273
81.4,0.24177518659825534
81.5,0.2636858417590489
81.6,0.2698220219178004
81.7,0.25602571802885493
81.8,0.2689184322408393
81.9,0.2647114523059339
82.0,0.24992682315112363
82.1,0.2498399060318964
82.2,0.2611432637137677
82.3,0.25058016439903585
82.4,0.2722440687799325
82.5,0.2711240065538429
82.6,0.26194818143002946
82.7,0.27082417686166704
82.8,0.2630671552619466
82.9,0.2548759035552943
83.0,0.25685790472655023
83.1,0.2593788777642037
83.2,0.2626115763204464
83.3,0.2842486448145791
83.4,0.2807648160913354
83.5,0.2815694892845303
83.6,0.27035388605543387
83.7,0.27581140515388597
83.8,0.28174614977050705
83.9,0.2893102462533331
84.0,0.2816826707439096
84.1,0.27599801058754175
84.2,0.28787427312176744
84.3,0.30743537578670826
84.4,0.2824067954515548
84.5,0.2702131686916002
84.6,0.29925682714619734
84.7,0.2732036338924439
84.8,0.286948852644238
84.9,0.28292368812855073
85.0,0.30814626195837713
85.1,0.29653382052488364
85.2,0.30684808680865117
85.3,0.29191931532508064
85.4,0.30348604318132644
85.5,0.2882210433414647
85.6,0.29498299224930946
85.7,0.29034873560627905
85.8,0.3049627598759022
85.9,0.29937903270387994
86.0,0.31013117698432696
86.1,0.3074318823326089
86.2,0.3142928698863105
86.3,0.31153435899479903
86.4,0.2995215824509552
86.5,0.31652376013187483
86.6,0.31194539367807395
86.7,0.3326246495908705
86.8,0.31389578745713437
86.9,0.33596941449099715
87.0,0.31681293155248696
87.1,0.3348718892705215
87.2,0.3007015174165759
87.3,0.32635279952087765
87.4,0.32382842421485303
87.5,0.3383722294548402
87.6,0.34538740622163827
87.7,0.3392349052285199
87.8,0.3374480702234253
87.9,0.34875008025257775
88.0,0.3489200475205576
88.1,0.35127536490791156
88.2,0.32483705123999773
88.3,0.37948334191550037
88.4,0.343236253182439
88.5,0.33905601848480654
88.6,0.3594220026826967
88.7,0.34054815996873816
88.8,0.36660752039244576
88.9,0.3692542186280616
89.0,0.3711170670544673
89.1,0.3698370275862854
89.2,0.40076927597986384
89.3,0.3742269232363199
89.4,0.3814046908438904
89.5,0.3767810166320626
89.6,0.3889822612785691
89.7,0.39487282202584695
89.8,0.41615846903372833
89.9,0.42108913527143355
90.0,0.39145230291032557
90.1,0.41241335341596674
90.2,0.39615443562818053
90.3,0.43654267826396365
90.4,0.4409512944166138
90.5,0.440969860865356
90.6,0.42798726206339366
90.7,0.4516162509841313
90.8,0.43939267908171403
90.9,0.45640782521454043
91.0,0.45048217116712386
91.1,0.47343473300598604
91.2,0.47481068667792264
91.3,0.49618120028413476
91.4,0.5140620269794112
91.5,0.4997038838975191
91.6,0.5069788451872809
91.7,0.5392894348157072
91.8,0.53338345200238
91.9,0.5661986863347133
92.0,0.5605472624589524
92.1,0.5689888501548931
92.2,0.5749810955109291
92.3,0.5957660444313163
92.4,0.5909950608512723
92.5,0.6036877362734349
92.6,0.6163554150904125
92.7,0.6327896167277443
92.8,0.6345655044819876
92.9,0.6776365347256554
93.0,0.6649662823106963
93.1,0.6712867790468108
93.2,0.6814252967841462
93.3,0.7045602314370764
93.4,0.7133438170280952
93.5,0.7454374596372757
93.6,0.7660200110172427
93.7,0.7875620380754683
93.8,0.7861991933454043
93.9,0.8095933648011779
94.0,0.8283411197297496
94.1,0.8570203542126371
94.2,0.8500729648993238
94.3,0.8944413964542521
94.4,0.9231078663454957
94.5,0.9027083148261121
94.6,0.9561724266381851
94.7,0.9596598902522745
94.8,0.9875575362098503
94.9,1.0066679563255134
95.0,1.022975476911924
95.1,1.061959865474555
95.2,1.0743223593007791
95.3,1.1077795917216275
95.4,1.1092515772590588
95.5,1.1552610650319566
95.6,1.1748502379377475
95.7,1.2001322729670134
95.8,1.2434705779094313
95.9,1.2440974634871826
96.0,1.271352344311093
96.1,1.2986183141472813
96.2,1.3061242945503644
96.3,1.3541111023427168
96.4,1.3723935956248936
96.5,1.3735304616289723
96.6,1.4045896672269567
96.7,1.4481009600823027
96.8,1.4682810117776433
96.9,1.4835298977226028
97.0,1.5043951719111432
97.1,1.5343546326211368
97.2,1.5743953823014127
97.3,1.5964936143437607
97.4,1.6123603956199555
97.5,1.6199607163175362
97.6,1.6432918303823856
97.7,1.6828588617459446
97.8,1.6989801402253628
97.9,1.721244562268973
98.0,1.7233796349880757
98.1,1.7616428851397994
98.2,1.7616993435480888
98.3,1.7802216509858433
98.4,1.7919525154492
98.5,1.8119466225793954
98.6,1.8264544760459265
98.7,1.825823869717859
98.8,1.8584895901214145
98.9,1.8842332824614119
99.0,1.8723342698458203
99.1,1.8879179876721783
99.2,1.8826427186542685
99.3,1.920331505473401
99.4,1.916166494601466
99.5,1.9371077948675341
99.6,1.9368349675974992
99.7,1.929198271951858
99.8,1.9295126766132447
99.9,1.9417422793453496
100.0,1.9521586508095703
100.1,1.9464628515923004
100.2,1.9280169210327232
100.3,1.933380364353911
100.4,1.924820779443621
100.5,1.9374464414436587
100.6,1.916409961567434
100.7,1.928173562531682
100.8,1.8948288894475587
100.9,1.8951185070069272
101.0,1.8894931321997337
101.1,1.8661235492801245
101.2,1.886428671167326
101.3,1.8552339947944436
101.4,1.8337907800796416
101.5,1.8272069962074124
101.6,1.8192840218351307
101.7,1.7847024059504661
101.8,1.7928495083759273
101.9,1.7453244239704073
102.0,1.7320797104069487
102.1,1.7362779876265846
102.2,1.7338931965897868
102.3,1.663009113547243
102.4,1.6535879544251078
102.5,1.640337208434445
102.6,1.616414013046708
102.7,1.5865631965178946
102.8,1.5792137422892607
102.9,1.549261021564566
103.0,1.5121139124575964
103.1,1.4971942526922783
103.2,1.4655783193355678
103.3,1.448735284884927
103.4,1.4248560312654401
103.5,1.3910757173327502
103.6,1.373730915148222
103.7,1.3574084728612668
103.8,1.3466854453300936
103.9,1.3219262955966673
104.0,1.292539950050152
104.1,1.2564640277835846
104.2,1.2333917035014954
104.3,1.2206355850251318
104.4,1.1782452432640333
104.5,1.1691992276126721
104.6,1.1388340366627596
104.7,1.1304764772578784
104.8,1.091992552382878
104.9,1.0894234207066518
105.0,1.0560993124635936
105.1,1.0265955566746714
105.2,1.0086697883305324
105.3,0.9987055211812779
105.4,0.9871093392331666
105.5,0.953445892879386
105.6,0.9338990811894549
105.7,0.9215318518730268
105.8,0.8910955793192192
105.9,0.8786326542558638
106.0,0.8703034687506779
106.1,0.8446589382340252
106.2,0.834615550939282
106.3,0.8286338055758328
106.4,0.7974709947663519
106.5,0.795428576028009
106.6,0.7634595671231192
106.7,0.7744027653378005
106.8,0.7241341021570942
106.9,0.7209262466926077
107.0,0.6982501869445598
107.1,0.6950010813397454
107.2,0.7042447589397772
107.3,0.6587906409576488
107.4,0.6685869288490592
107.5,0.6312710458054664
107.6,0.6380377745451112
107.7,0.6385489201492204
107.8,0.6128181422895984
107.9,0.6063032608363579
108.0,0.5940630110881725
108.1,0.5878372127426423
108.2,0.5829334859460861
108.3,0.5694947388820927
108.4,0.5688016139398522
108.5,0.550450260053065
108.6,0.5338175188726215
108.7,0.5323240130128103
108.8,0.5400822417205922
108.9,0.5201856433090605
109.0,0.5234037510098554
109.1,0.5200306352890115
109.2,0.5087869051097609
109.3,0.49331722131840683
109.4,0.49776547446293684
109.5,0.5075797916634393
109.6,0.4810128611614317
109.7,0.5031189032617412
109.8,0.4811619776483859
109.9,0.4560766743773459
110.0,0.47853394240543784
110.1,0.46119479257372464
110.2,0.45293113072241825
110.3,0.4239223605033444
110.4,0.44358629925224935
110.5,0.46575174479708187
110.6,0.4406837595963767
110.7,0.45726895766510967
110.8,0.45152759720262553
110.9,0.42669392480139945
111.0,0.4463742542413977
111.1,0.4187301485464237
111.2,0.4357807717445251
111.3,0.424488079706196
111.4,0.4158196317468451
111.5,0.40406409293763534
111.6,0.4305287753915909
111.7,0.4115965285791408
111.8,0.4067466753995577
111.9,0.4232768320748932
112.0,0.40554472698341504
112.1,0.41586345462183555
112.2,0.41721824034879823
112.3,0.40565428289443023
112.4,0.40876161892216084
112.5,0.3987392399127947
112.6,0.4039879629017335
112.7,0.3967450732675811
112.8,0.39164416772202787
112.9,0.38958496293365363
113.0,0.39249680379933855
113.1,0.38884386962445416
113.2,0.4127404599051017
113.3,0.379539290850961
113.4,0.3910821305248671
113.5,0.3838324197959135
113.6,0.37472019429442843
113.7,0.3938927832729707
113.8,0.3798857673358765
113.9,0.40433526520109225
114.0,0.38574175472595207
114.1,0.375552039295275
114.2,0.3850667613636942
114.3,0.3838488337703675
114.4,0.3674994549672969
114.5,0.3822481457372555
114.6,0.366812805211446
114.7,0.37485263354692633
114.8,0.3782799649117164
114.9,0.37219161218961044
115.0,0.396556830875685
115.1,0.3630312919414315
115.2,0.37436260254699416
115.3,0.3628142448675798
115.4,0.3751621932602149
115.5,0.36017276436933654
115.6,0.3807106680406746
115.7,0.3922555564843461
115.8,0.36566822704468194
115.9,0.37126655523014424
116.0,0.3685259088754154
116.1,0.3727582718995198
116.2,0.36882602321510805
116.3,0.35187831125211094
116.4,0.36774522781919877
116.5,0.3733051565455046
116.6,0.3722544865888049
116.7,0.3690848445427631
116.8,0.37760381022666445
116.9,0.35851793082286937
117.0,0.3727255188860975
117.1,0.35754840324255577
117.2,0.3649409891132529
117.3,0.3559151368051701
117.4,0.36679369318837574
117.5,0.37299687798987796
117.6,0.35778807626744347
117.7,0.3558541222204307
117.8,0.34589670828357455
117.9,0.3577883802228452
118.0,0.38027936042374627
118.1,0.3818283716568701
118.2,0.35595286421840083
118.3,0.3516106660180813
118.4,0.3487606820945397
118.5,0.3840486352379841
118.6,0.3615526828696151
118.7,0.38406971051038036
118.8,0.3846203137704388
118.9,0.37399922371516653
119.0,0.3763699659539232
119.1,0.36991525973653216
119.2,0.37089266072918864
119.3,0.34899580154632903
119.4,0.3494432294495369
119.5,0.3514097705738269
119.6,0.3591248565722275
119.7,0.35307179204315375
119.8,0.3444516268847515
119.9,0.380602445816358
120.0,0.3642869101258162
120.1,0.36839346525060923
120.2,0.363098110722292
120.3,0.35718894943331203
120.4,0.362030623852596
120.5,0.37116990174045683
120.6,0.3719270243326411
120.7,0.373538659138706
120.8,0.36559623225239435
120.9,0.3780572549398462
121.0,0.386802439727304
121.1,0.3710845492753529
121.2,0.3660547495355996
121.3,0.3711726601418259
121.4,0.378704161942324
121.5,0.3731746218941712
121.6,0.3720397575048982
121.7,0.36534089570672634
121.8,0.3742815433088709
121.9,0.3701297985638844
122.0,0.37292027577672293
122.1,0.3660684835892913
122.2,0.3589266198933203
122.3,0.3699712112202722
122.4,0.3666437233982416
122.5,0.3767728806813646
122.6,0.37930674698183003
122.7,0.3803960064005609
122.8,0.3667441547266444
122.9,0.39228624341130813
123.0,0.37072409435823833
123.1,0.36317240007219764
123.2,0.37207149595636285
123.3,0.38616988133091507
123.4,0.3750831584885033
123.5,0.37151106387530586
123.6,0.38951727644113565
123.7,0.3752879781266408
123.8,0.357532477819673
123.9,0.3825297260293556
124.0,0.39079572620978
124.1,0.37968505197552394
124.2,0.37695816598951126
124.3,0.38239540589374904
124.4,0.36759015980932974
124.5,0.4022539249735318
124.6,0.3793660498445014
124.7,0.37916462108474996
124.8,0.36086276138756646
124.9,0.3671321611647208
125.0,0.3801844956098264
125.1,0.3822282880872071
125.2,0.38431092926654487
125.3,0.38325826927500783
125.4,0.3738042604460207
125.5,0.3943272104572105
125.6,0.38511239579897955
125.7,0.39012946055111636
125.8,0.37407535065928754
125.9,0.39550115818532183
126.0,0.38245768960321946
126.1,0.388351929552344
126.2,0.39041815781281347
126.3,0.38280687930031615
126.4,0.4006127221412658
126.5,0.381626064659538
126.6,0.3972603378467442
126.7,0.3974172411732542
126.8,0.39859512187957896
126.9,0.3891354423374142
127.0,0.3962559522084035
127.1,0.396118071327153
127.2,0.4057146614360242
127.3,0.38390083848682166
127.4,0.4069655470140548
127.5,0.39380238161037745
127.6,0.3954001414682852
127.7,0.4012260528555944
127.8,0.40254637078339817
127.9,0.40731124368329236
128.0,0.40410153890999534
128.1,0.4059305384530333
128.2,0.3935596658911677
128.3,0.41080880277196935
128.4,0.41086460709099376
128.5,0.40726777814622256
128.6,0.4013105717993688
128.7,0.4158936337147017
128.8,0.41059764673367183
128.9,0.42334064328138016
129.0,0.3866520586822424
129.1,0.41320193046243836
129.2,0.41970439560540296
129.3,0.43803808352614726
129.4,0.423800911616606
129.5,0.4209302520957397
129.6,0.3984842939694679
129.7,0.4255826012872412
129.8,0.41180840596883156
129.9,0.42309145518198443
130.0,0.43931789336569405
130.1,0.4265700029755894
130.2,0.423977143375512
130.3,0.44455224741459143
130.4,0.4411616064353849
130.5,0.41882559807338976
130.6,0.44622884204441304
130.7,0.4231263026213563
130.8,0.4302204336821062
130.9,0.4275048263035852
131.0,0.4570234518212272
131.1,0.42604333138366113
131.2,0.4283431605540296
131.3,0.44461765148718146
131.4,0.4436040351516618
131.5,0.459287473439299
131.6,0.4627431292936092
131.7,0.4432448546426566
131.8,0.43162212286361085
131.9,0.44484030276369657
132.0,0.4449360563209217
132.1,0.44008901270533696
132.2,0.4597189763833392
132.3,0.4555781272610755
132.4,0.43891095160982246
132.5,0.4769020291841246
132.6,0.45144778937371627
132.7,0.45388328928856486
132.8,0.45971339452796234
132.9,0.44029029694755895
133.0,0.4607352269718823
133.1,0.46207166107079545
133.2,0.4527505914835316
133.3,0.45812047776008297
133.4,0.46613017072996127
133.5,0.49261512447527134
133.6,0.4749954317966528
133.7,0.4902212104045323
133.8,0.5014509466434574
133.9,0.4942404270003138
134.0,0.48976701711843024
134.1,0.4862873591281618
134.2,0.47396401729326054
134.3,0.4788156077154811
134.4,0.4942335846544759
134.5,0.5113594648791407
134.6,0.5011874912628312
134.7,0.4905986392082106
134.8,0.5013474158897233
134.9,0.4991710947634645
135.0,0.5132532896283094
135.1,0.520871429152284
135.2,0.5018114930997293
135.3,0.5244134358419036
135.4,0.5196480871540355
135.5,0.5481199388204578
135.6,0.5294081247457804
135.7,0.5370991730403185
135.8,0.5267385216977839
135.9,0.5404784908615811
136.0,0.5559927065563602
136.1,0.5562753364737593
136.2,0.5399917345835045
136.3,0.5692914536459268
136.4,0.5594619194492227
136.5,0.5551400088163264
136.6,0.5482441140355528
136.7,0.5696936581679558
136.8,0.55730003323932
136.9,0.5658541879083768
137.0,0.5747068844999413
137.1,0.6028908993425324
137.2,0.6017528625252205
137.3,0.6003529979562725
137.4,0.6022713009877121
137.5,0.6115405119162123
137.6,0.6099322300156346
137.7,0.6264610542588597
137.8,0.6240705757601386
137.9,0.6461028292093787
138.0,0.6287677849110388
138.1,0.6208884309263186
138.2,0.6419851523602202
138.3,0.6461448092684575
138.4,0.6635147787770193
138.5,0.6793378051662012
138.6,0.6828243314298933
138.7,0.6998287969971081
138.8,0.6971749474783079
138.9,0.6961379586481259
139.0,0.7198733273922824
139.1,0.7243816123470664
139.2,0.7081852859614809
139.3,0.7343072270707884
139.4,0.7636197223360526
139.5,0.7514085929795471
139.6,0.7627814966407822
139.7,0.7892107597930426
139.8,0.7954371173552325
139.9,0.8118269315996212
140.0,0.823480428362131
140.1,0.8244747653063722
140.2,0.8428287862111383
140.3,0.8472628068240031
140.4,0.8778868055549505
140.5,0.8816088104060837
140.6,0.8915758081990224
140.7,0.9205626383182685
140.8,0.9307105806940668
140.9,0.9316600725150671
141.0,0.9505373896939825
141.1,0.9568407471552159
141.2,1.005533761232214
141.3,1.0211998234543078
141.4,1.0179293814387218
141.5,1.048287589499933
141.6,1.0879175107284662
141.7,1.1069717733712354
141.8,1.1169151272843867
141.9,1.1619577138787227
142.0,1.1730406585892417
142.1,1.1895019002539087
142.2,1.2134929406293393
142.3,1.242999111039492
142.4,1.2646985341940624
142.5,1.2988290017425788
142.6,1.3189072013921963
142.7,1.3732496838238937
142.8,1.3954736853068146
142.9,1.4155492098899336
143.0,1.4520715567848412
143.1,1.5053577148545054
143.2,1.5293466221145242
143.3,1.5783552610805802
143.4,1.6186042458687764
143.5,1.660073870158411
143.6,1.6894619731796028
143.7,1.7412637537444637
143.8,1.748894318821494
143.9,1.8243037650173857
144.0,1.864710920081163
144.1,1.8987916062261596
144.2,1.9491669519491868
144.3,2.0085476452511317
144.4,2.0541269969968576
144.5,2.125544620490803
144.6,2.177164092621505
144.7,2.2079032898671223
144.8,2.2598799709189024
144.9,2.333612446756316
145.0,2.372313174824082
145.1,2.436727315693475
145.2,2.4833909066851088
145.3,2.53263800094154
145.4,2.5994547116799698
145.5,2.6648099389663886
145.6,2.7126243158783265
145.7,2.7942329667863786
145.8,2.854917165338704
145.9,2.920675437584241
146.0,2.9680545279615105
146.1,3.0280686831401655
146.2,3.0908540469363825
146.3,3.169107458208141
146.4,3.2293032170307194
146.5,3.2831890953983787
146.6,3.355986993994256
146.7,3.4063469163809192
146.8,3.479139248948943
146.9,3.545132706818574
147.0,3.598454828634459
147.1,3.6753961978024963
147.2,3.715810670122677
147.3,3.7839546152109698
147.4,3.847464405211985
147.5,3.9218758556278566
147.6,3.9833988447126605
147.7,4.027423964544302
147.8,4.076935517961505
147.9,4.126182850753047
148.0,4.166756363818983
148.1,4.242119172967824
148.2,4.269347641033511
148.3,4.339364739636615
148.4,4.37849797995917
148.5,4.433436970621087
148.6,4.462029604587752
148.7,4.491719633984924
148.8,4.535241457889862
148.9,4.574684101825405
149.0,4.609016571546866
149.1,4.653331519195056
149.2,4.659108994902229
149.3,4.710869146728103
149.4,4.711424185232787
149.5,4.739329270214869
149.6,4.762333233258529
149.7,4.771411305818272
149.8,4.79705320732705
149.9,4.802812162524884
150.0,4.808337140721465
150.1,4.818072336868034
150.2,4.812344533212384
150.3,4.823871414991116
150.4,4.816077496599306
150.5,4.813924653944929
150.6,4.819629274737379
150.7,4.791107339812135
150.8,4.805329748745756
150.9,4.769814959164073
151.0,4.765442218441613
151.1,4.761355711204229
151.2,4.715003111038381
151.3,4.700937180373881
151.4,4.6796432019848275
151.5,4.670214360432672
151.6,4.638947889753188
151.7,4.614105606575169
151.8,4.594356555237418
151.9,4.556894944840157
152.0,4.512342377195344
152.1,4.502497442092141
152.2,4.455791081853921
152.3,4.4335393440341475
152.4,4.379915278914663
152.5,4.359188770968257
152.6,4.311345907673788
152.7,4.267222773698092
152.8,4.246156998712543
152.9,4.208111671983585
153.0,4.163571926377844
153.1,4.123275998865491
153.2,4.091862546822583
153.3,4.058040582850284
153.4,4.028065895719109
153.5,3.9820942911175163
153.6,3.961625566157409
153.7,3.910325463121972
153.8,3.873862980666171
153.9,3.8436004010666567
154.0,3.8120897419404214
154.1,3.7842374828145315
154.2,3.7514942290499675
154.3,3.723102447836242
154.4,3.6929323364809563
154.5,3.683219428969802
154.6,3.644346190983435
154.7,3.6283718280731283
154.8,3.6018523858854663
154.9,3.577005333144096
155.0,3.5736499708841665
155.1,3.527958692013485
155.2,3.5385962867863032
155.3,3.52119671176756
155.4,3.491326007211618
155.5,3.4875334993379834
155.6,3.480541942649159
155.7,3.4544883351899642
155.8,3.4599074866772668
155.9,3.434682128642561
156.0,3.4596117393967716
156.1,3.4395184464274147
156.2,3.4489567906579888
156.3,3.453768236756988
156.4,3.4391945826062087
156.5,3.4384626707225796
156.6,3.4447338802395886
156.7,3.438855306648219
156.8,3.453593905258999
156.9,3.4619845983241033
157.0,3.4812567828713594
157.1,3.4925457472254227
157.2,3.4763800410157497
157.3,3.4790846065590197
157.4,3.4818616589081692
157.5,3.4966205286995757
157.6,3.4983656853240404
157.7,3.50030035291352
157.8,3.5273615906813283
157.9,3.537209766572125
158.0,3.534447403682243
158.1,3.5553047736653087
158.2,3.5682817425472364
158.3,3.5732455541844392
158.4,3.5786745809894707
158.5,3.566356687856925
158.6,3.5917311783989994
158.7,3.592660850615891
158.8,3.5880286730880537
158.9,3.609861768465803
159.0,3.592617374327803
159.1,3.606289185198309
159.2,3.585210009823758
159.3,3.596588001224109
159.4,3.583879743458445
159.5,3.59846321791881
159.6,3.5746666641258993
159.7,3.568311730518521
159.8,3.5919865596111253
159.9,3.5477398590078284
160.0,3.5514279476034853
160.1,3.531578820706338
160.2,3.5304828907878467
160.3,3.502896862491717
160.4,3.4878064614676
160.5,3.4786620405560864
160.6,3.4597767193299767
160.7,3.427048951019213
160.8,3.4026183226674194
160.9,3.4079170823283946
161.0,3.3456132875182663
161.1,3.3436739299989187
161.2,3.301786084723511
161.3,3.286111547124152
161.4,3.2592674242888466
161.5,3.2210394765222143
161.6,3.187714801311325
161.7,3.1580405250347354
161.8,3.099043800944783
161.9,3.089551740575541
162.0,3.043236996070903
162.1,3.0255075406864838
162.2,2.9610367536476
162.3,2.939640582783682
162.4,2.8946565718509927
162.5,2.8589771474062666
162.6,2.8100077842952422
162.7,2.780745515323642
162.8,2.7201641340919487
162.9,2.665874009316685
163.0,2.644623265454122
163.1,2.6014736340145053
163.2,2.5649431439797827
163.3,2.5042019935460003
163.4,2.4692587641059944
163.5,2.424297224224276
163.6,2.364216820822649
163.7,2.3486114092698664
163.8,2.282321888317643
163.9,2.244619409069076
164.0,2.2021257157530476
164.1,2.163015084171592
164.2,2.1207291143663727
164.3,2.072409893411193
164.4,2.0386018984716454
164.5,1.9952934343547186
164.6,1.9318472150987571
164.7,1.9144753735947728
164.8,1.856442936312504
164.9,1.829206271231214
165.0,1.7961862132812423
165.1,1.7658523077505053
165.2,1.7001414827623882
165.3,1.6766356826734439
165.4,1.6499929406826799
165.5,1.6204087293556493
165.6,1.5918459199133979
165.7,1.5419722964280773
165.8,1.5220183603565514
165.9,1.4809541945708724
166.0,1.456692942222585
166.1,1.4271342121460429
166.2,1.397080008832915
166.3,1.35645120246045
166.4,1.333888239823369
166.5,1.3243141539652337
166.6,1.2739823133724764
166.7,1.2671186955817775
166.8,1.2334075734917247
166.9,1.1980697979882347
167.0,1.1732698658437044
167.1,1.1728260275479638
167.2,1.1576530429182192
167.3,1.0972570560510881
167.4,1.0835680868646504
167.5,1.0678193289073123
167.6,1.0484270873177552
167.7,1.0298202838507584
167.8,1.022443728962812
167.9,1.009189929169792
168.0,0.9695183473400573
168.1,0.9616587987702032
168.2,0.9454507032323777
168.3,0.9328515255350687
168.4,0.9096875288131788
168.5,0.8898539219100708
168.6,0.8863736960662671
168.7,0.8632986066174527
168.8,0.8836525603459364
168.9,0.8525431339275086
169.0,0.8491999393607842
169.1,0.8355187392383356
169.2,0.8204909561546342
169.3,0.7846058848132028
169.4,0.7920644734944545
169.5,0.7770871570056915
169.6,0.7488906987450259
169.7,0.7547857699561357
169.8,0.7471045467226125
169.9,0.7588247470239895
170.0,0.742751637525166
170.1,0.7388704576576974
170.2,0.7270014710020946
170.3,0.6941757231418172
170.4,0.7154136958244779
170.5,0.7034886313511202
170.6,0.6951315832995085
170.7,0.6931625820955737
170.8,0.6799375822461784
170.9,0.6618624827548233
171.0,0.6779413420777088
171.1,0.6963141768168005
171.2,0.6342441796532661
171.3,0.6615541697448859
171.4,0.6490843316055174
171.5,0.6568245724567886
171.6,0.6388336624569569
171.7,0.6148649495626188
171.8,0.6238452234981778
171.9,0.6245098895941189
172.0,0.6271699798290497
172.1,0.6194216417802231
172.2,0.6107007367383962
172.3,0.6055651423238502
172.4,0.6157000021710726
172.5,0.6130757829775677
172.6,0.6022196098831469
172.7,0.596010614520167
172.8,0.5971324898548424
172.9,0.6054439194858523
173.0,0.5859888953913919
173.1,0.5870127407858183
173.2,0.5944914306865248
173.3,0.5917625316954186
173.4,0.5634450112882973
173.5,0.5811942230956202
173.6,0.5646101741434981
173.7,0.5576961220517511
173.8,0.5844750889562756
173.9,0.564605094645962
174.0,0.5512276398963613
174.1,0.5771540512927369
174.2,0.5627481560660437
174.3,0.5456406905621456
174.4,0.5692956255627463
174.5,0.5524636859105486
174.6,0.539135013537437
174.7,0.5486819715047295
174.8,0.5592469097868027
174.9,0.5457914638545107
175.0,0.5497527783513316
175.1,0.5376810431529498
175.2,0.5388662493349753
175.3,0.5444439320720434
175.4,0.5521691690771174
175.5,0.5290986944623973
175.6,0.5504524315498774
175.7,0.5371523622363427
175.8,0.5688436039795884
175.9,0.5352312964846685
176.0,0.5459366485418408
176.1,0.5395682778683468
176.2,0.5157722890602225
176.3,0.5571627659910382
176.4,0.5432825942767903
176.5,0.5296110103036151
176.6,0.535160170781283
176.7,0.5232020855252217
176.8,0.5345821193118887
176.9,0.539423945276046
177.0,0.5298029669203684
177.1,0.5180327761912997
177.2,0.5330675046602737
177.3,0.5154271844479784
177.4,0.504891994992022
177.5,0.5136269500396137
177.6,0.51591239889537
177.7,0.5366797933350829
177.8,0.5095235192969357
177.9,0.5283867954184868
178.0,0.5115920426391078
178.1,0.518452128590929
178.2,0.5068847709924986
178.3,0.5235493479333723
178.4,0.5329985428523777
178.5,0.5208386828114938
178.6,0.5146855575492996
178.7,0.5143448822082304
178.8,0.5235506882889868
178.9,0.5119752544063615
179.0,0.5128225655783489
179.1,0.5144316610956695
179.2,0.5311864012724735
179.3,0.5382681150988141
179.4,0.5124286891482207
179.5,0.4888567327385358
179.6,0.5158802045498206
179.7,0.5227138788853026
179.8,0.5128823660170586
179.9,0.5174444426157916
180.0,0.5183463606209399
180.1,0.5183881225771767
180.2,0.5211678810706601
180.3,0.5135641186273371
180.4,0.5176477278842038
180.5,0.5257780985286007
180.6,0.5027542893865292
180.7,0.5273185765840954
180.8,0.5014764958736958
180.9,0.5252100200914162
181.0,0.4979121023786999
181.1,0.5415858958186505
181.2,0.528517986731826
181.3,0.5178578363399491
181.4,0.5206881399151448
181.5,0.5115244415619888
181.6,0.5164200768337811
181.7,0.5384724541799644
181.8,0.5187164026979223
181.9,0.5397082765332282
182.0,0.5193209578144383
182.1,0.5198213886107697
182.2,0.5087674178788777
182.3,0.5219125101056826
182.4,0.5361051452954528
182.5,0.5181023567794938
182.6,0.5342262711984608
182.7,0.521398159070102
182.8,0.533024704442778
182.9,0.5279204583010197
183.0,0.5348796964942515
183.1,0.5468206748481124
183.2,0.5368238450922904
183.3,0.5329260982583965
183.4,0.5337109670145989
183.5,0.5369173683059016
183.6,0.5292243523818378
183.7,0.5434260426160538
183.8,0.5502216037394673
183.9,0.5224093378255454
184.0,0.5423699613559705
184.1,0.5352407640403526
184.2,0.5584775685815833
184.3,0.5535892012342221
184.4,0.5209798299830292
184.5,0.5463729911699544
184.6,0.5606690264322768
184.7,0.5569095026541796
184.8,0.5488054692918041
184.9,0.5736717660039131
185.0,0.578965349229434
185.1,0.5673734118434695
185.2,0.568072208907458
185.3,0.5894556448376382
185.4,0.5753035812868815
185.5,0.5759085715692005
185.6,0.5666319770839819
185.7,0.5846379910261972
185.8,0.5730585501751453
185.9,0.5672247272126953
186.0,0.5865507435227123
186.1,0.5937004998511821
186.2,0.5950432793451336
186.3,0.5875485379530849
186.4,0.600676449233856
186.5,0.6004770145570462
186.6,0.5948920516974303
186.7,0.5988789383467267
186.8,0.6178188267442617
186.9,0.62291225955569
187.0,0.6326884616406768
187.1,0.6229354065144637
187.2,0.6425015236292101
187.3,0.636761635635415
187.4,0.6339291962660348
187.5,0.6385184290192869
187.6,0.6564592537149517
187.7,0.6480548902519847
187.8,0.6690308549575188
187.9,0.6590882613007351
188.0,0.6872512560016885
188.1,0.672224493081406
188.2,0.667940095564189
188.3,0.6722735425608067
188.4,0.6756325598136717
188.5,0.6749552175212066
188.6,0.7021731657141572
188.7,0.7057575239753986
188.8,0.7198909400906496
188.9,0.7228996095306472
189.0,0.7188022167585677
189.1,0.7448172084790277
189.2,0.7401007130280718
189.3,0.7429417385483733
189.4,0.7690841254676346
189.5,0.7769862195285658
189.6,0.7626671659598389
189.7,0.7950647702269089
189.8,0.8087975045886965
189.9,0.8125894475192804
190.0,0.8224475655566873
190.1,0.831595455917601
190.2,0.8536091557232081
190.3,0.8618897728027324
190.4,0.8681590025736764
190.5,0.864519391303703
190.6,0.9188935992898325
190.7,0.9190561618633235
190.8,0.9266095190667656
190.9,0.9488690958162709
191.0,0.947067847046386
191.1,0.9854895541006685
191.2,0.9853127119912675
191.3,1.0138980490237062
191.4,1.0409736302141945
191.5,1.0626320332195156
191.6,1.086598404144828
191.7,1.098775345423509
191.8,1.113391022022253
191.9,1.133896406504992
192.0,1.1583554826155806
192.1,1.183681622974502
192.2,1.2063027474026244
192.3,1.2512961431493361
192.4,1.2701054353246497
192.5,1.2965007452899164
192.6,1.3192209015249858
192.7,1.356382548784265
192.8,1.3732945192160422
192.9,1.4055176262355435
193.0,1.4527066224086687
193.1,1.4919426298964222
193.2,1.514162817779662
193.3,1.5582374460211494
193.4,1.5751488714968187
193.5,1.632411543194507
193.6,1.671380585254548
193.7,1.7198616802332658
193.8,1.7380262233526602
193.9,1.7890797112439216
194.0,1.841865612544475
194.1,1.8625255462788342
194.2,1.919566620383287
194.3,1.9696511586116487
194.4,2.0145091071639376
194.5,2.0789153094839716
194.6,2.120336390277003
194.7,2.157866525434012
194.8,2.2214188910815222
194.9,2.2688319218415205
195.0,2.3202020044028364
195.1,2.38657581280598
195.2,2.4349618083240125
195.3,2.497158166284458
195.4,2.56713021590805
195.5,2.6192980349383728
195.6,2.6636682921011454
195.7,2.7196412333741775
195.8,2.78018139188653
195.9,2.8515019405915005
196.0,2.9108717989511597
196.1,2.9713110879133007
196.2,3.0223921798131235
196.3,3.0916647151870644
196.4,3.15528650401802
196.5,3.2256141970108114
196.6,3.282644083754699
196.7,3.3471253011018383
196.8,3.3995783579882883
196.9,3.4597073908463534
197.0,3.5322617508419434
197.1,3.5862806227182356
197.2,3.644825657908581
197.3,3.69759149817884
197.4,3.7567479963498474
197.5,3.8230041903343217
197.6,3.8705961761590166
197.7,3.9169165570983275
197.8,3.9551822934679817
197.9,4.020630971725593
198.0,4.061635605919333
198.1,4.113401108063562
198.2,4.159013242094055
198.3,4.2086029274431125
198.4,4.256729822014439
198.5,4.299038090307156
198.6,4.31845148507546
198.7,4.361937066434302
198.8,4.382780856012967
198.9,4.446604292823395
199.0,4.439942643918214
199.1,4.473128708455513
199.2,4.5017153851298435
199.3,4.525822986203446
199.4,4.5385904304158435
199.5,4.544840372220132
199.6,4.578425915594322
199.7,4.584886124924215
199.8,4.582979678619076
199.9,4.606746902850685
200.0,4.6009735553702935
200.1,4.600645064736859
200.2,4.573091253733606
200.3,4.5815554338315385
200.4,4.569378614355717
200.5,4.562759150769924
200.6,4.548814364212947
200.7,4.523137513000205
200.8,4.499261193425671
200.9,4.475387558524493
201.0,4.452993912999737
201.1,4.4533497063143415
201.2,4.405633747376206
201.3,4.375003763656546
201.4,4.328391803225677
201.5,4.297722179964754
201.6,4.2592090478471665
201.7,4.216320554546344
201.8,4.183627581459547
201.9,4.13167388443726
202.0,4.098024425479969
202.1,4.035775578626528
202.2,3.982435534995817
202.3,3.930743789649983
202.4,3.8903507106986193
202.5,3.838941327658627
202.6,3.785832615877377
202.7,3.728339443235737
202.8,3.6751431674988027
202.9,3.6003320351069155
203.0,3.547640333737843
203.1,3.4868213876812306
203.2,3.4337581862432147
203.3,3.353534380033079
203.4,3.3176736042261172
203.5,3.2385194305113187
203.6,3.1979995735880484
203.7,3.127729652188719
203.8,3.0686488132641068
203.9,3.0062869449211806
204.0,2.954486825277874
204.1,2.898405448727865
204.2,2.8319986039487794
204.3,2.756212290970113
204.4,2.7269308184858496
204.5,2.665696688647427
204.6,2.618236858466136
204.7,2.538153530773601
204.8,2.5016249701547495
204.9,2.440058343196384
205.0,2.3788097555768473
205.1,2.3003737214916447
205.2,2.2662067243138173
205.3,2.223025079650455
205.4,2.172313822064302
205.5,2.1422998469931076
205.6,2.1045082515245133
205.7,2.0366273894373066
205.8,2.008442802126505
205.9,1.9411960272168338
206.0,1.9153176508849896
206.1,1.8625815772063363
206.2,1.818144499300297
206.3,1.7732882316140326
206.4,1.7537551265183824
206.5,1.7099388711022343
206.6,1.6631466193268163
206.7,1.6393723664409157
206.8,1.6177393386528296
206.9,1.576584112326156
207.0,1.5344926639250769
207.1,1.5007311414636986
207.2,1.4610702276553282
207.3,1.4589316856757457
207.4,1.4290729955717778
207.5,1.3947066278696314
207.6,1.3746496469907163
207.7,1.34176366102285
207.8,1.334132182640317
207.9,1.3054829471559857
208.0,1.2867689633824788
208.1,1.2669412492585077
208.2,1.2499431674565067
208.3,1.2225309957359318
208.4,1.2223435543263244
208.5,1.183677204545355
208.6,1.1910534441950398
208.7,1.1804738941486272
208.8,1.1350786416140386
208.9,1.1275234021357659
209.0,1.1068556499229172
209.1,1.124080734990517
209.2,1.0973851938052144
209.3,1.099403344510606
209.4,1.0877557214801328
209.5,1.0798059271087856
209.6,1.0508752657978013
209.7,1.055991582149738
209.8,1.0665391505869863
209.9,1.0467577786503703
210.0,1.0428811001811338
210.1,1.035260858391453
210.2,1.0274936007991844
210.3,1.0372163224990811
210.4,1.0514005458450553
210.5,1.0436944013229508
210.6,1.0485898291988642
210.7,1.0279144434941208
210.8,1.018514819064393
210.9,1.0340387184254392
211.0,1.0454179460699005
211.1,1.0304926086371209
211.2,1.0496270592123316
211.3,1.039183966423459
211.4,1.070421312559584
211.5,1.0746797671104313
211.6,1.0823532604255357
211.7,1.0689434140208771
211.8,1.1012163044829129
211.9,1.1013421015031704
212.0,1.1144514081413144
212.1,1.1040142423208597
212.2,1.1267494998819547
212.3,1.1339265981605795
212.4,1.146725428901852
212.5,1.1676497035237967
212.6,1.1764325263641509
212.7,1.1789264146925829
212.8,1.215199479670903
212.9,1.2152430107623329
213.0,1.2524123539438956
213.1,1.261345212262044
213.2,1.2844659642484944
213.3,1.322181835239873
213.4,1.3082322387142244
213.5,1.3354751108718173
213.6,1.3662398811822787
213.7,1.3820953367992623
213.8,1.436628787566088
213.9,1.447615920868108
214.0,1.4699139762427864
214.1,1.4891715241885484
214.2,1.5291924249412086
214.3,1.5520267237753391
214.4,1.5983220251203711
214.5,1.6052526193653183
214.6,1.6378435062669685
214.7,1.6724030405515453
214.8,1.6981364874999023
214.9,1.7234630722287037
215.0,1.7652148604519635
215.1,1.7915066956067445
215.2,1.8503646699841843
215.3,1.8771174209427162
215.4,1.9030143939778243
215.5,1.9491662954990432
215.6,1.9665876259470059
215.7,2.0264091920736123
215.8,2.04824270231968
215.9,2.0953338126074286
216.0,2.124044353867019
216.1,2.1736419792625377
216.2,2.214748411319286
216.3,2.2553459498876727
216.4,2.284072572048511
216.5,2.318905501259691
216.6,2.3553401913638203
216.7,2.397754622267229
216.8,2.440246001977941
216.9,2.4690687019591557
217.0,2.5067871065945884
217.1,2.557117415546873
217.2,2.584451593243706
217.3,2.6293245011281114
217.4,2.668953471427957
217.5,2.680055008556759
217.6,2.728301786219657
217.7,2.7563614828722316
217.8,2.808416591570999
217.9,2.8093518258026418
218.0,2.8708528483004208
218.1,2.889333864667074
218.2,2.9167244625475077
218.3,2.934780342994781
218.4,2.946788859206147
218.5,2.9943175625392664
218.6,3.0278833377555427
218.7,3.0457729022866937
218.8,3.0633961881570166
218.9,3.059487265635723
219.0,3.0770458491200827
219.1,3.121815915044142
219.2,3.1321487935899244
219.3,3.152080057794108
219.4,3.1508302407298676
219.5,3.1507201454455043
219.6,3.1547499777886907
219.7,3.1484951581763436
219.8,3.1575474173444236
219.9,3.1764459893891566
220.0,3.1870594087561117
220.1,3.1841000251191023
220.2,3.1692694028739385
220.3,3.160456574402755
220.4,3.1701507540518477
220.5,3.1529824758771587
220.6,3.152313526163676
220.7,3.1289453515404873
220.8,3.1143343164445305
220.9,3.1059712396221744
221.0,3.063642450481604
221.1,3.0665174253955803
221.2,3.038765342571403
221.3,3.0171952587914594
221.4,2.989711010426375
221.5,2.9541714824844174
221.6,2.9279678541341854
221.7,2.915915761816834
221.8,2.868012643943535
221.9,2.848932265413452
222.0,2.8275715018527787
222.1,2.7760399642891467
222.2,2.729174343291779
222.3,2.7176188483894514
222.4,2.6828834461423474
222.5,2.639189935835004
222.6,2.619903616515466
222.7,2.5736688220476585
222.8,2.5410709875189026
222.9,2.5030191380158877
223.0,2.478232245584518
223.1,2.415900253958399
223.2,2.3805557472832723
223.3,2.3336038657633216
223.4,2.294072799166632
223.5,2.263560840882527
223.6,2.209946427417912
223.7,2.16589904662452
223.8,2.135102278483389
223.9,2.092513309427671
224.0,2.0260489744613785
224.1,2.0021029160538313
224.2,1.973611040760729
224.3,1.9170404406420831
224.4,1.8796243010459623
224.5,1.8489333969398039
224.6,1.8187550472288434
224.7,1.761589623894947
224.8,1.7235884221619167
224.9,1.679898331035171
225.0,1.6609742371737157
225.1,1.612926921009754
225.2,1.5977897544567965
225.3,1.5393223689468891
225.4,1.537206826185475
225.5,1.4901199313785551
225.6,1.4367929071057701
225.7,1.4142375331051729
225.8,1.386242311597422
225.9,1.3572990026283889
226.0,1.3240151385222776
226.1,1.305377702760477
226.2,1.2776643723120251
226.3,1.2498028668840198
226.4,1.2132359187863486
226.5,1.2012992204156436
226.6,1.1682111848467744
226.7,1.138688999900672
226.8,1.1383959803834893
226.9,1.0887035546894042
227.0,1.061994124527145
227.1,1.0545644093578688
227.2,1.0390156180157084
227.3,1.0037651428466612
227.4,0.999866684158742
227.5,0.9603364853967661
227.6,0.9380814519168224
227.7,0.9436297565176736
227.8,0.9218756900607243
227.9,0.8805438728679051
228.0,0.8640320073422847
228.1,0.858506792574055
228.2,0.8593126647956283
228.3,0.8393505440990613
228.4,0.8315444937916351
228.5,0.8216528500029123
228.6,0.8015650282093609
228.7,0.7772496801643686
228.8,0.7631853294050461
228.9,0.7584220523551508
229.0,0.7399267531030029
229.1,0.7233228233432131
229.2,0.7322872406626486
229.3,0.7012860105117711
229.4,0.7088123472993746
229.5,0.6906705585681298
229.6,0.6895816624053502
229.7,0.664100472837337
229.8,0.6662899764448013
229.9,0.6638150404346235
230.0,0.635938956370714
230.1,0.6499214195620179
230.2,0.6509341502394934
230.3,0.6341067648871798
230.4,0.6229388592937639
230.5,0.630582418744697
230.6,0.6135635653588236
230.7,0.6059377312312245
230.8,0.6076730081947807
230.9,0.5930198311185243
231.0,0.6099581788193431
231.1,0.5680361567481645
231.2,0.596871354861839
231.3,0.5618501387024705
231.4,0.5710490770992568
231.5,0.5988531537179191
231.6,0.5830292271897967
231.7,0.5746684533275584
231.8,0.5527596623741555
231.9,0.5540882361729155
232.0,0.5436773258592102
232.1,0.5495278352498375
232.2,0.5551081251061796
232.3,0.5655244288995803
232.4,0.5334350402225757
232.5,0.534912161531015
232.6,0.5356025855920576
232.7,0.5414914939464698
232.8,0.5358917883940849
232.9,0.5229360804076458
233.0,0.5023961238788709
233.1,0.5377332111184842
233.2,0.5352170407086372
233.3,0.4992302195442815
233.4,0.5309672256671379
233.5,0.5338563634632391
233.6,0.5181278363477253
233.7,0.5226108700031461
233.8,0.49803159656707374
233.9,0.5088333116041295
234.0,0.5190521562122818
234.1,0.5249420526356808
234.2,0.4993498240870883
234.3,0.5171835676995057
234.4,0.5047549885336864
234.5,0.4898158259110933
234.6,0.5024756125133932
234.7,0.510612705146437
234.8,0.4960557647637089
234.9,0.5036786560977398
235.0,0.4851847053820715
235.1,0.5016902837980086
235.2,0.48827289607610813
235.3,0.5037703507705316
235.4,0.498335483135191
235.5,0.48134214065848424
235.6,0.5039178620430957
235.7,0.5095451051992959
235.8,0.5034326346929981
235.9,0.5229039297000113
236.0,0.49369776710923735
236.1,0.4973256700030743
236.2,0.512240450212753
236.3,0.4914646808424073
236.4,0.49851893314578677
236.5,0.47748551772441555
236.6,0.5105294746564879
236.7,0.5212411173886282
236.8,0.5151001168967663
236.9,0.5121949155698577
237.0,0.5002001080809771
237.1,0.5023021989632915
237.2,0.5205375660457456
237.3,0.5242169699789517
237.4,0.5112971645034816
237.5,0.5072252996934468
237.6,0.5178617958508898
237.7,0.5360732166056983
237.8,0.5212439936796518
237.9,0.508404976663217
238.0,0.5348226012516167
238.1,0.5021591517095108
238.2,0.519164408301893
238.3,0.5376764724503004
238.4,0.5267267526244122
238.5,0.5442630191992442
238.6,0.5519572658204633
238.7,0.5226200509916841
238.8,0.5424090364755283
238.9,0.5433190868978223
239.0,0.5558794725376137
239.1,0.5652057363435136
239.2,0.5643471843515395
239.3,0.5779097194526784
239.4,0.5738277206901501
239.5,0.5767468595021549
239.6,0.5802668221734374
239.7,0.5754346575350956
239.8,0.5834727015515039
239.9,0.5846155641103625
240.0,0.6278290335364951
240.1,0.6063961715280934
240.2,0.6160136964562638
240.3,0.6371342975612339
240.4,0.622326310949606
240.5,0.6395137018001402
240.6,0.6472516159537892
240.7,0.6342239047299632
240.8,0.6644767954545011
240.9,0.6660369826771634
241.0,0.6757949672900169
241.1,0.6855145427984964
241.2,0.6836671208075842
241.3,0.7020874305751965
241.4,0.7005627186139856
241.5,0.7276590271282679
241.6,0.7517323909294872
241.7,0.741319691565979
241.8,0.7594079853897313
241.9,0.7801210701155052
242.0,0.7855245043561072
242.1,0.7898870471339244
242.2,0.8117817610902865
242.3,0.8448683850540272
242.4,0.8509190066124667
242.5,0.8659483971960072
242.6,0.8859531593294881
242.7,0.9090907504031882
242.8,0.902629909328062
242.9,0.9421439475428166
243.0,0.9393000585648611
243.1,0.9839438100245127
243.2,0.9995122514049872
243.3,1.0012937507278574
243.4,1.0311607785826677
243.5,1.0476029590575302
243.6,1.0775532980635103
243.7,1.0981806355839332
243.8,1.1245933681357143
243.9,1.1540683628955666
244.0,1.1975155373734045
244.1,1.224526408812002
244.2,1.2315127891594595
244.3,1.2608317394465174
244.4,1.2843642098508086
244.5,1.3323922209976513
244.6,1.3552512445051008
244.7,1.375135350899678
244.8,1.4189985794986706
244.9,1.43509526909198
245.0,1.474008727674299
245.1,1.4918207428084675
245.2,1.5421066763706317
245.3,1.5662490305604941
245.4,1.5910576469726259
245.5,1.6422591369449746
245.6,1.6743422663378322
245.7,1.7016144113501863
245.8,1.7449083697174794
245.9,1.7756454862917768
246.0,1.827865992544957
246.1,1.8490771989088846
246.2,1.887061618154847
246.3,1.9163152988557288
246.4,1.9614895021604397
246.5,2.0050807537103004
246.6,2.0274456510320813
246.7,2.055199539372441
246.8,2.1255698376753482
246.9,2.1479324245912212
247.0,2.1739518669444164
247.1,2.2075190718849864
247.2,2.237476665255296
247.3,2.2770341026304264
247.4,2.3083705479894516
247.5,2.330138546931402
247.6,2.374500790201351
247.7,2.4068171885709058
247.8,2.4290642703137375
247.9,2.4724469341200037
248.0,2.4937095628519512
248.1,2.536803553020456
248.2,2.5519602595518984
248.3,2.583985061967198
248.4,2.5956066262002286
248.5,2.6284911844708443
248.6,2.657854270233926
248.7,2.6694048472885665
248.8,2.6909802646080676
248.9,2.6982419397737987
249.0,2.7361975634072713
249.1,2.734386243062077
249.2,2.7619106047952755
249.3,2.757366629862738
249.4,2.7729846267532317
249.5,2.766286295500376
249.6,2.7829072924569993
249.7,2.790789927709648
249.8,2.792116248609104
249.9,2.791876353747084
250.0,2.7743314557101404
250.1,2.7924258608728434
250.2,2.8003715011681156
250.3,2.7841390089678923
250.4,2.8001758474149088
250.5,2.7740294996466313
250.6,2.7558040691789554
250.7,2.7545861009086026
250.8,2.731244371178506
250.9,2.7516617242530166
251.0,2.707749840904935
251.1,2.709886205910917
251.2,2.6804763779227168
251.3,2.6475229600991095
251.4,2.6517706964548617
251.5,2.631211939487489
251.6,2.585873114921843
251.7,2.5764835180770067
251.8,2.5317856443386333
251.9,2.5047488543756935
252.0,2.485742679088959
252.1,2.4489421545219114
252.2,2.4215655814312043
252.3,2.38109298956858
252.4,2.3524933887366037
252.5,2.32330087226617
252.6,2.287994653919698
252.7,2.244154282238391
252.8,2.234211977284466
252.9,2.195995388734245
253.0,2.149945253744454
253.1,2.1203153602508378
253.2,2.074318630384285
253.3,2.025102405404894
253.4,1.9896195825288203
253.5,1.9817323382119059
253.6,1.9492195781861112
253.7,1.8895642843366551
253.8,1.8753498564580933
253.9,1.8073645395763278
254.0,1.793298638613003
254.1,1.7338315821828973
254.2,1.7153996462904564
254.3,1.6593553327811648
254.4,1.6374668321765802
254.5,1.5978140200689122
254.6,1.5726377283890334
254.7,1.5236403020095626
254.8,1.4866901610732657
254.9,1.4859192529302792
255.0,1.4272682653215627
255.1,1.4025184381006606
255.2,1.3765823858084543
255.3,1.332148925952575
255.4,1.2930273109221126
255.5,1.2833897523159565
255.6,1.237148448598632
255.7,1.2239087507412085
255.8,1.1879495303167775
255.9,1.158430238645714
256.0,1.1279172301234657
256.1,1.1029567966089946
256.2,1.0754066087734955
256.3,1.0481412247674164
256.4,1.0306726120024314
256.5,0.9789196739338527
256.6,0.9964378249185176
256.7,0.9592949730728866
256.8,0.9366372173253004
256.9,0.9090018974103027
257.0,0.9095719443853575
257.1,0.8842288984244936
257.2,0.8561261164773555
257.3,0.8366819850665571
257.4,0.8194585820349058
257.5,0.791666596116814
257.6,0.7864790223015542
257.7,0.7717250781061276
257.8,0.7628351218340658
257.9,0.7231805661310838
258.0,0.7269779739364086
258.1,0.6997283165414238
258.2,0.699063911252288
258.3,0.6783863577901386
258.4,0.6603576793107867
258.5,0.6488121677276385
258.6,0.6343467757661713
258.7,0.6307925447150667
258.8,0.6159041737857569
258.9,0.6061539407374894
259.0,0.580761593585175
259.1,0.5870081180097351
259.2,0.5617505122990019
259.3,0.5549960546218207
259.4,0.5473558420727578
259.5,0.5528931790521916
259.6,0.5209135218463201
259.7,0.5403873009546014
259.8,0.5291140514776169
259.9,0.5189476186578087
260.0,0.5220853541896504
260.1,0.5067836473488684
260.2,0.49277728927611547
260.3,0.4846380958851837
260.4,0.4852494249246442
260.5,0.4762640055219767
260.6,0.48363722557824584
260.7,0.49166461180625565
260.8,0.4551957269849314
260.9,0.4625125994529969
261.0,0.44182519855724606
261.1,0.4372666226737323
261.2,0.4388288047618362
261.3,0.4365422218148001
261.4,0.4377051966685824
261.5,0.4288061415447261
261.6,0.4031241624006335
261.7,0.3998720014239547
261.8,0.42349708632788796
261.9,0.3963415763279498
262.0,0.4111353354500996
262.1,0.41161524287200485
262.2,0.3849755074265006
262.3,0.39447550540282866
262.4,0.39289388490926325
262.5,0.39466748342774083
262.6,0.3937717252790692
262.7,0.3964945337468406
262.8,0.3790894010033231
262.9,0.3828517832068409
263.0,0.37706089660008957
263.1,0.399477726050323
263.2,0.3669258007948678
263.3,0.3636113130238857
263.4,0.3627600240013714
263.5,0.3593847492536437
263.6,0.35311895741348653
263.7,0.35302596452793517
263.8,0.34462066567776084
263.9,0.3562547022982891
264.0,0.32119001821051607
264.1,0.35528223566690026
264.2,0.34860470261653864
264.3,0.343285158599032
264.4,0.3302683338481824
264.5,0.3431624714563161
264.6,0.33773333684559553
264.7,0.3284027108503128
264.8,0.33741144999681943
264.9,0.33283948873549607
265.0,0.33052143697181113
265.1,0.34919347026743897
265.2,0.3264757010038218
265.3,0.3145473908994177
265.4,0.3271602356765053
265.5,0.3261420091529181
265.6,0.32804246937375636
265.7,0.33217208179783003
265.8,0.3300163413701757
265.9,0.3225666649025647
266.0,0.3290547126863672
266.1,0.31051928321700667
266.2,0.31313887564269843
266.3,0.3095654121514816
266.4,0.3003725218545102
266.5,0.32126816911356026
266.6,0.298520607971525
266.7,0.2950423867606208
266.8,0.31780737094166206
266.9,0.3102874706346422
267.0,0.29697212322384253
267.1,0.3020849117846019
267.2,0.31183490961297733
267.3,0.30898572197174945
267.4,0.2933846685534188
267.5,0.30041419294345156
267.6,0.2899363895599352
267.7,0.29556265373404794
267.8,0.28106801174423324
267.9,0.28942509540879724
268.0,0.29655501945096496
268.1,0.28391751276260896
268.2,0.2893985445975482
268.3,0.28465215054318616
268.4,0.274135326556812
268.5,0.2905065795127466
268.6,0.2879006128183713
268.7,0.2846046922373375
268.8,0.27389392058338413
268.9,0.3171953777344279
269.0,0.28071981898512105
269.1,0.2771257983238399
269.2,0.2793791272198808
269.3,0.27776489061532755
269.4,0.29424548258300254
269.5,0.2789097393808873
269.6,0.2832940377142336
269.7,0.267046905158197
269.8,0.2785361091776594
269.9,0.26748096029748114
270.0,0.27591964702277605
270.1,0.2696413733775589
270.2,0.28331062569013643
270.3,0.2769602405747428
270.4,0.2755392973247503
270.5,0.2808353454947983
270.6,0.2636776769714741
270.7,0.252025895442315
270.8,0.24980832537954498
270.9,0.26666400832197745
271.0,0.27875650111415945
271.1,0.2704121337442701
271.2,0.25859962243097184
271.3,0.26236149851551516
271.4,0.25672654593631644
271.5,0.26040394408831624
271.6,0.2404655160851854
271.7,0.24755015576302455
271.8,0.2562920426250968
271.9,0.2712888836477006
272.0,0.25113805212697843
272.1,0.2563650356487903
272.2,0.2550459805063694
272.3,0.25310140321467267
272.4,0.24225917573506145
272.5,0.2480650974355862
272.6,0.25067900822877254
272.7,0.23577821553024236
272.8,0.2662273018715952
272.9,0.26099216307122075
273.0,0.2581905293521834
273.1,0.25796952764352826
273.2,0.2570919008569835
273.3,0.24294329404071627
273.4,0.2618446802160809
273.5,0.2564921583530942
273.6,0.25036167144254967
273.7,0.2412610581371183
273.8,0.23125869213890535
273.9,0.26045018115298396
274.0,0.25219427953436574
274.1,0.25512869958412615
274.2,0.2553000061893282
274.3,0.24602166892527708
274.4,0.2306287814643723
274.5,0.25318505959277154
274.6,0.23551071603025417
274.7,0.2371758314682084
274.8,0.23215980987801926
274.9,0.23776564689932114
275.0,0.22896082573960336
275.1,0.24104640308924388
275.2,0.24413643979197822
275.3,0.24613621394490529
275.4,0.23874985658933068
275.5,0.2396837553127847
275.6,0.2454500819991626
275.7,0.22862448820156056
275.8,0.224840247751209
275.9,0.2413064113948465
276.0,0.23232965677247935
276.1,0.2554078763801897
276.2,0.2183394957940643
276.3,0.24554754176225585
276.4,0.23324335944810232
276.5,0.2316249198375574
276.6,0.2249737381514836
276.7,0.2449466673542525
276.8,0.21926407321069444
276.9,0.22375941465251556
277.0,0.24719729543890578
277.1,0.22768451206806944
277.2,0.2405115505278224
277.3,0.22430636615648497
277.4,0.2291586808924037
277.5,0.22621031242558906
277.6,0.23589158373313387
277.7,0.2130392665861208
277.8,0.23221579218264646
277.9,0.2151570521348499
278.0,0.22108768718817703
278.1,0.21684956985066026
278.2,0.20498904547194616
278.3,0.22854922017812826
278.4,0.24447364124366117
278.5,0.23161097667045108
278.6,0.23934946189817427
278.7,0.2566306493538819
278.8,0.22588507741866737
278.9,0.239265723696107
279.0,0.20580646390255553
279.1,0.23214223409534432
279.2,0.2278025168906286
279.3,0.23208239599566594
279.4,0.2212555001260976
279.5,0.22758330271789773
279.6,0.21527805770355307
279.7,0.23123684566561592
279.8,0.23769682763936786
279.9,0.22498776342882032
280.0,0.22902222420535853
280.1,0.20556358310555783
280.2,0.20471927280755878
280.3,0.23776393859512904
280.4,0.21474055987593788
280.5,0.21858734758784393
280.6,0.21519452369658756
280.7,0.22234592746651435
280.8,0.21743317824414485
280.9,0.23907279027854378
281.0,0.22017940488990384
281.1,0.2311430629534904
281.2,0.22305999800870935
281.3,0.22203309855345263
281.4,0.21838958183180668
281.5,0.21532482567946126
281.6,0.22869284430991194
281.7,0.1955756558400984
281.8,0.20900466597183687
281.9,0.21512371886225787
282.0,0.20076070194538523
282.1,0.2353305692798011
282.2,0.20458804902795033
282.3,0.20698992891764792
282.4,0.2163337612444627
282.5,0.198925500707287
282.6,0.19499132401564684
282.7,0.20230855487980462
282.8,0.2123585141755815
282.9,0.20714252078380863
283.0,0.2187730622600892
283.1,0.1970401263714468
283.2,0.20183393366974867
283.3,0.19749985377611531
283.4,0.20941269816127453
283.5,0.2102809338991259
283.6,0.19069306671724642
283.7,0.2202695656749092
283.8,0.2072666980613505
283.9,0.22279253976790647
284.0,0.20897133423620712
284.1,0.19187902409887966
284.2,0.20615425974421878
284.3,0.19542339259834945
284.4,0.20925902826633735
284.5,0.22365939129449247
284.6,0.18911602504426006
284.7,0.21006235280047986
284.8,0.22805212394652336
284.9,0.2290469150446647
285.0,0.20318756529116908
285.1,0.20910145312164907
285.2,0.18638235369436776
285.3,0.1987040214893866
285.4,0.19527880967898037
285.5,0.20478623039497057
285.6,0.18650005874016778
285.7,0.1840814308738155
285.8,0.20289646778804818
285.9,0.1961887726258982
286.0,0.1962383628962593
286.1,0.19155761723366443
286.2,0.19652123530388896
286.3,0.209228716253186
286.4,0.2157362753193113
286.5,0.1979698993599725
286.6,0.18497733535992608
286.7,0.18894843674164957
286.8,0.20638635180402237
286.9,0.19593023390085623
287.0,0.183762956938076
287.1,0.2026570964510307
287.2,0.19215218847773818
287.3,0.19233510868617074
287.4,0.19170512777196494
287.5,0.2040664412550271
287.6,0.19083244303744767
287.7,0.21703007207714878
287.8,0.19901342473492098
287.9,0.19716448768542355
288.0,0.18075054337109667
288.1,0.19346477083359687
288.2,0.18347246873849354
288.3,0.20185977452875992
288.4,0.1960714412057782
288.5,0.19552502816233414
288.6,0.180989793809285
288.7,0.1934381532422349
288.8,0.20335758774626964
288.9,0.18276291443592185
289.0,0.18925155345559017
289.1,0.18571672597182826
289.2,0.18093077708039623
289.3,0.20140055735674603
289.4,0.1692918646227477
289.5,0.18362821503781626
289.6,0.20689661016168392
289.7,0.1949925060156508
289.8,0.17215067075113935
289.9,0.19020115990641862
290.0,0.18673512680565393
290.1,0.20689858421755947
290.2,0.1889132672545855
290.3,0.17875800631439595
290.4,0.19226206559317627
290.5,0.17527306311895566
290.6,0.19345061628533028
290.7,0.19723355559856692
290.8,0.17769046317901532
290.9,0.2042041590411231
291.0,0.1855836952722671
291.1,0.17958089171642513
291.2,0.1756937313739361
291.3,0.17110894522296702
291.4,0.19841284185445393
291.5,0.19572186117163673
291.6,0.1840490128698703
291.7,0.18481058068934406
291.8,0.17515611403114206
291.9,0.1851440536801706
292.0,0.1802126141668497
292.1,0.18261922896022695
292.2,0.18921274789467246
292.3,0.17617660980667513
292.4,0.19288131292012517
292.5,0.20225596699698448
292.6,0.17713975445780672
292.7,0.17149934753790408
292.8,0.17531416133194758
292.9,0.18849846235404089
293.0,0.1675089739591362
293.1,0.18232521692817247
293.2,0.17500649127976523
293.3,0.18028573913933243
293.4,0.1745069357420202
293.5,0.1784447149093889
293.6,0.16928499666430608
293.7,0.182801179631466
293.8,0.16948234908212226
293.9,0.1676907767701533
294.0,0.1729641705385452
294.1,0.19247074115631918
294.2,0.17051139047998654
294.3,0.1635574613353146
294.4,0.15788282330368386
294.5,0.16676655558774267
294.6,0.16552447519443372
294.7,0.1872126774362015
294.8,0.18659847149841682
294.9,0.1621851372393947
295.0,0.18632129169314082
295.1,0.18360605554402848
295.2,0.18426891779758262
295.3,0.18724930455875372
295.4,0.17398709525982378
295.5,0.1696661977309524
295.6,0.18608109319899208
295.7,0.16277641163013548
295.8,0.15186832543346943
295.9,0.1727018792470601
296.0,0.17522068486233072
296.1,0.16783078877926913
296.2,0.17975184947131817
296.3,0.17155100634136758
296.4,0.17710864218406802
296.5,0.15504724330270936
296.6,0.16184948600074672
296.7,0.16238953560554337
296.8,0.16526137536186664
296.9,0.17075583398600594
297.0,0.15961197247111075
297.1,0.15442720829229792
297.2,0.14680245154985308
297.3,0.15040783041968508
297.4,0.16406059687947286
297.5,0.17925715564190003
297.6,0.14774209232999494
297.7,0.18279384911407134
297.8,0.1674738348062801
297.9,0.17367240241489557
298.0,0.18222750469162924
298.1,0.1704497002287645
298.2,0.16436131914142973
298.3,0.17894024413954446
298.4,0.17552622594527803
298.5,0.16291233275635564
298.6,0.15881144927850804
298.7,0.17393109740262452
298.8,0.18027265205499843
298.9,0.16514136813714458
299.0,0.15739760232056968
299.1,0.17026850972736884
299.2,0.1890607270095796
299.3,0.15533571561306844
299.4,0.15955162639783466
299.5,0.17348427003668485
299.6,0.16038861670706525
299.7,0.18163056611215853
299.8,0.1679928369820516
299.9,0.160082947640451
300.0,0.1524608063197809
300.1,0.16481944810210472
300.2,0.15177120365469265
300.3,0.15770173737944565
300.4,0.16119593399996374
300.5,0.1527275279879928
300.6,0.1549200434364778
300.7,0.16517425166691999
300.8,0.1512406856100933
300.9,0.14870500678143186
301.0,0.17652485067733548
301.1,0.1495722616626152
301.2,0.15867413499677313
301.3,0.18055865620546574
301.4,0.15990126458609336
301.5,0.1722178166511663
301.6,0.16307028714691604
301.7,0.153214042321343
301.8,0.16704062597602884
301.9,0.14814441820067156
302.0,0.15966679601304723
302.1,0.14711121224457974
302.2,0.16482805751077104
302.3,0.16825985694486995
302.4,0.15846197775215273
302.5,0.15667777856172482
302.6,0.17509449160304832
302.7,0.16206355164206404
302.8,0.14438978289546597
302.9,0.16858426119590172
303.0,0.1523368510007483
303.1,0.14651591994822857
303.2,0.18292164611766176
303.3,0.1657797382828302
303.4,0.1340681659411398
303.5,0.14395097862933584
303.6,0.1453320357004229
303.7,0.15077969270086838
303.8,0.1553706110159315
303.9,0.1465020999503241
304.0,0.1491841050352693
304.1,0.15051577309767095
304.2,0.1518863106703738
304.3,0.147466542280751
304.4,0.15480153806116626
304.5,0.12565902100641071
304.6,0.15469913500043403
304.7,0.15700145244460156
304.8,0.1532062970250286
304.9,0.16395365463410447
305.0,0.13720431311608097
305.1,0.17104315979493015
305.2,0.14683040507407824
305.3,0.13596595554874313
305.4,0.14281689472177772
305.5,0.17290311707324615
305.6,0.15526260075926976
305.7,0.14578679042676643
305.8,0.14923305592432273
305.9,0.14267101267097965
306.0,0.14093274337460263
306.1,0.168887333448459
306.2,0.1481864164241952
306.3,0.14157858468278728
306.4,0.1422981949287131
306.5,0.15697671784502518
306.6,0.13402842209974075
306.7,0.13980839613999863
306.8,0.16026463974706803
306.9,0.13210256775391016
307.0,0.14255326130716683
307.1,0.14449553947797475
307.2,0.1388735446849112
307.3,0.1459714936497423
307.4,0.14579448902598516
307.5,0.1461721731189855
307.6,0.13242794495977175
307.7,0.15107103155100776
307.8,0.15589701956559418
307.9,0.14588972658612334
308.0,0.13281578086025095
308.1,0.13223598080132515
308.2,0.14474162178125405
308.3,0.1443971456330453
308.4,0.1377612217759928
308.5,0.1423964476574869
308.6,0.1481918148903621
308.7,0.15173123226625995
308.8,0.13941230661949655
308.9,0.1661630469997893
309.0,0.14054129069388469
309.1,0.15277862986995552
309.2,0.1397662381293503
309.3,0.14022039607497513
309.4,0.14745223899642426
309.5,0.1453860734538356
309.6,0.14606595015803153
309.7,0.14492361568321968
309.8,0.14523397186997994
309.9,0.13893066686400646
310.0,0.13671788835939258
310.1,0.13548390729140491
310.2,0.15813358930439694
310.3,0.13591307493574928
310.4,0.15511966176998615
310.5,0.14981077865957576
310.6,0.1205169224694588
310.7,0.1556155070861983
310.8,0.13412245840140832
310.9,0.1684405045723982
311.0,0.14194874951124697
311.1,0.12333069461499149
311.2,0.14884669958519775
311.3,0.155335359760841
311.4,0.1456300669671571
311.5,0.11702745646815614
311.6,0.11507880387049546
311.7,0.12153111950329341
311.8,0.12963888923159658
311.9,0.14747123063298032
312.0,0.14901888197242544
312.1,0.1387262397346694
312.2,0.15163790477048594
312.3,0.13471315619583235
312.4,0.149696763620464
312.5,0.13947218024788158
312.6,0.14677082464074015
312.7,0.12264270720365443
312.8,0.1335874892431622
312.9,0.1356791720988184
313.0,0.12312869771611748
313.1,0.13319725810052288
313.2,0.1377291732225743
313.3,0.1389604105725913
313.4,0.13029011528356593
313.5,0.13774829039972494
313.6,0.13554375861001372
313.7,0.12349639247038478
313.8,0.12151639365717049
313.9,0.1584639735920225
314.0,0.12087662181780774
314.1,0.12320415004222554
314.2,0.14171581632051244
314.3,0.1318105804782751
314.4,0.14630650872728393
314.5,0.1339426670743078
314.6,0.1339746652950292
314.7,0.14974447728023094
314.8,0.1107723605015704
314.9,0.12570581251791954
315.0,0.12845800405163169
315.1,0.11708478743665132
315.2,0.1441471881230497
315.3,0.11838500742289791
315.4,0.1296472376464788
315.5,0.13757753071884388
315.6,0.1294202964174368
315.7,0.1311738990635216
315.8,0.14038646092831525
315.9,0.12862824562470637
316.0,0.14302350697262273
316.1,0.12870936535920502
316.2,0.11323664268634649
316.3,0.13075825564958804
316.4,0.11973346981789902
316.5,0.11096583167755925
316.6,0.12683724237960908
316.7,0.14276482638214663
316.8,0.14231977083283232
316.9,0.12967258576891877
317.0,0.12948361431017383
317.1,0.12148025656187111
317.2,0.1268302478197132
317.3,0.1350908282934556
317.4,0.1251222847480153
317.5,0.13578644230122355
317.6,0.11862017219268364
317.7,0.12269542254278415
317.8,0.11949732632357382
317.9,0.11412306983902114
318.0,0.13096911390190863
318.1,0.12677007479878086
318.2,0.1261746131552655
318.3,0.10515622716200454
318.4,0.13760005851661233
318.5,0.13024799277362223
318.6,0.13224265338645755
318.7,0.14141163199444862
318.8,0.11185031514086534
318.9,0.10905595875209381
319.0,0.12094876567873715
319.1,0.11070109241384848
319.2,0.13033469497730937
319.3,0.11652108782334064
319.4,0.12444628820188762
319.5,0.11765567207909905
319.6,0.14375481951807573
319.7,0.11085923586419634
319.8,0.13299203835626727
319.9,0.11453373726665268
320.0,0.11697371636952306
320.1,0.12067389270965645
320.2,0.12771876263976745
320.3,0.1334011001908177
320.4,0.1293189954191395
320.5,0.11394100405452719
320.6,0.11807892963297874
320.7,0.11600557415387636
320.8,0.12568290700722587
320.9,0.10243792927820985
321.0,0.13248743346958503
321.1,0.1259407643525622
321.2,0.12109226998274583
321.3,0.09967055200215454
321.4,0.10297415979390971
321.5,0.1117380448922588
321.6,0.12055049242929285
321.7,0.12517407157755153
321.8,0.13653246205064373
321.9,0.13776102021042577
322.0,0.1210278218418373
322.1,0.13345772974389902
322.2,0.10928164037047247
322.3,0.12310654146407202
322.4,0.11140773883329198
322.5,0.11068546080328678
322.6,0.1314340751782951
322.7,0.11239188966507821
322.8,0.11347595506266328
322.9,0.11481454297575365
323.0,0.11648719732111372
323.1,0.12490997316037221
323.2,0.10674741843637356
323.3,0.11119311887736763
323.4,0.09976488431535736
323.5,0.11826395916866156
323.6,0.09608253289189866
323.7,0.11570425305883067
323.8,0.10287844765686882
323.9,0.12002412765483873
324.0,0.11646890483260358
324.1,0.12504921785373715
324.2,0.09667583084421448
324.3,0.1107110325005261
324.4,0.11827149854916405
324.5,0.14341728458408445
324.6,0.10589304933455196
324.7,0.09637257579221602
324.8,0.10419331516006776
324.9,0.10752338264514442
325.0,0.10127869236727519
325.1,0.11391717579191532
325.2,0.11163781555276968
325.3,0.09842842864675595
325.4,0.10224268605078589
325.5,0.10087025723471374
325.6,0.12510908746426636
325.7,0.0991459074038204
325.8,0.10534589645157784
325.9,0.10879213642720065
326.0,0.10310499715971065
326.1,0.10492155501692497
326.2,0.10252998698777897
326.3,0.1045152779369111
326.4,0.1161327195604849
326.5,0.12224367491602822
326.6,0.11120610992503813
326.7,0.12246329319024198
326.8,0.12183189802926761
326.9,0.11171666162058815
327.0,0.1302650037001749
327.1,0.09296722241401978
327.2,0.10473102299154144
327.3,0.10335245760855907
327.4,0.10004684593439256
327.5,0.1377463753208676
327.6,0.12833922756111915
327.7,0.10483273237457078
327.8,0.08094649047507738
327.9,0.102769250388105
328.0,0.10386603770422104
328.1,0.11703127001020054
328.2,0.09669880966506265
328.3,0.10673278621051409
328.4,0.09762788646015023
328.5,0.09439502442582141
328.6,0.1093209221260839
328.7,0.1103057920865021
328.8,0.10214024160173334
328.9,0.1192567994200566
329.0,0.12047726314475302
329.1,0.10909959451425373
329.2,0.09961011334115275
329.3,0.10101536700147667
329.4,0.09365807796270914
329.5,0.1126163784892046
329.6,0.10383801499266135
329.7,0.09301571940837322
329.8,0.09068276817877305
329.9,0.13248044639735962
330.0,0.10169594688499718
330.1,0.10074136342790446
330.2,0.10333646292097082
330.3,0.0958022327569169
330.4,0.11456006638594854
330.5,0.10794192983213452
330.6,0.08788885661856291
330.7,0.10999480506824758
330.8,0.11050665801502094
330.9,0.09939701151353876
331.0,0.11272297103428053
331.1,0.10867572958518203
331.2,0.10261009950112121
331.3,0.10512454812696898
331.4,0.10388755275328534
331.5,0.11122556065091865
331.6,0.08135264215250003
331.7,0.08423186243023782
331.8,0.09626510677082407
331.9,0.1134640784969636
332.0,0.09454493091506197
332.1,0.10195488367082248
332.2,0.09421337314720127
332.3,0.11080908099891537
332.4,0.08670139597369421
332.5,0.09589365032882478
332.6,0.1016770184281538
332.7,0.10316365900453654
332.8,0.08044219460955694
332.9,0.08997641560508167
333.0,0.09138644895456964
333.1,0.09745683065024281
333.2,0.08990785280523411
333.3,0.0994858568900416
333.4,0.11741100846386648
333.5,0.0905929289524088
333.6,0.07278012507530891
333.7,0.10787252803892332
333.8,0.10490811966964973
333.9,0.09551385729119151
334.0,0.08199070078106463
334.1,0.10761045533759266
334.2,0.11215772301225964
334.3,0.09784046720830698
334.4,0.09620068791473628
334.5,0.0930282848927071
334.6,0.10500899829942202
334.7,0.10238542310706385
334.8,0.09200439965534996
334.9,0.10420976765131545
335.0,0.09992229680483891
335.1,0.089659431849624
335.2,0.08113170779985661
335.3,0.0905103506131645
335.4,0.1073580082325108
335.5,0.09681382943293555
335.6,0.08689903206645189
335.7,0.0905085549678192
335.8,0.08012424126090531
335.9,0.09672751352361264
336.0,0.09749472068374948
336.1,0.08593569570811067
336.2,0.10132922383170782
336.3,0.11102007449120302
336.4,0.1093380916270404
336.5,0.08242817381820162
336.6,0.07867324692890817
336.7,0.08389082252889898
336.8,0.074515177844072
336.9,0.09760789975326606
337.0,0.09944943220990791
337.1,0.08394193296045799
337.2,0.08601300510358845
337.3,0.08689262174474613
337.4,0.09220873940220467
337.5,0.08664579086610462
337.6,0.1110414980106291
337.7,0.09229101626554066
337.8,0.10548078976458646
337.9,0.10137672720070204
338.0,0.07976358141161713
338.1,0.09495902122279669
338.2,0.09060425223733602
338.3,0.09183169086679999
338.4,0.08014067745620258
338.5,0.08789130222423189
338.6,0.07628658705290564
338.7,0.10425648434655056
338.8,0.07733047240972364
338.9,0.09491294828720627
339.0,0.11050319353216255
339.1,0.0759526145715568
339.2,0.081113093209838
339.3,0.07463361072681401
339.4,0.11106561648023705
339.5,0.07587980885290932
339.6,0.09109198295355538
339.7,0.07409477136345441
339.8,0.09116136404276001
339.9,0.07202019257485467
340.0,0.09900256447495283
340.1,0.07783932190934653
340.2,0.09309813442329899
340.3,0.09181162531289787
340.4,0.10475559196411927
340.5,0.09487315500083927
340.6,0.0887297998157406
340.7,0.07579394387975864
340.8,0.09719784676307569
340.9,0.07905083262937322
341.0,0.09715212778455823
341.1,0.09689122455180026
341.2,0.07186605367662299
341.3,0.09079060137751056
341.4,0.09189400499644777
341.5,0.09709512746551335
341.6,0.09047911061662155
341.7,0.09255717868259135
341.8,0.09154822353214487
341.9,0.07616903262700846
342.0,0.08773939824328714
342.1,0.10185947144639071
342.2,0.07993291582575093
342.3,0.08060355834038135
342.4,0.08669233362120689
342.5,0.07555922291183644
342.6,0.08790980120333576
342.7,0.10695445878483291
342.8,0.08236358627510587
342.9,0.09236475412405186
343.0,0.06404567886633365
343.1,0.07602859011555518
343.2,0.08546191640952513
343.3,0.11069510000532454
343.4,0.08585147122877458
343.5,0.09774531310760826
343.6,0.09111601200116365
343.7,0.08335071485031588
343.8,0.09066698522255746
343.9,0.0723450521687577
344.0,0.09228618143343517
344.1,0.07774404551985976
344.2,0.07763052097766324
344.3,0.10049038293445887
344.4,0.08320930361535929
344.5,0.07870030728570364
344.6,0.10073448587026237
344.7,0.08941914624489493
344.8,0.07823942303468674
344.9,0.08718757720449906
345.0,0.08904376265933168
345.1,0.075085671638867
345.2,0.0940767680762887
345.3,0.09354989790253726
345.4,0.08763226023382062
345.5,0.07280738347458762
345.6,0.08596772183052188
345.7,0.08486393623258433
345.8,0.0894216182808917
345.9,0.0751988950569576
346.0,0.0776613354670681
346.1,0.07159647214444789
346.2,0.09178890333747189
346.3,0.09052671528116021
346.4,0.0866232147661633
346.5,0.08837348108530504
346.6,0.08850230606030225
346.7,0.08077356724493011
346.8,0.0761245957827084
346.9,0.07758799382123935
347.0,0.07716705015411975
347.1,0.0820103187921823
347.2,0.08483726007756193
347.3,0.08939347672071389
347.4,0.0798608560352263
347.5,0.07533596141689929
347.6,0.09252318421354176
347.7,0.06565320052777116
347.8,0.08511406107099413
347.9,0.0917677658972457
348.0,0.07608243731601819
348.1,0.07958913893029151
348.2,0.07618381055786297
348.3,0.06056527095579854
348.4,0.07278187419891648
348.5,0.06241325876089798
348.6,0.08334281455815644
348.7,0.07823748451827688
348.8,0.06022261582625235
348.9,0.064637035948586
349.0,0.08078949327796073
349.1,0.08169796208487402
349.2,0.07991370388685469
349.3,0.06467249595598996
349.4,0.08463647861450921
349.5,0.08000056964852417
349.6,0.06322655555010087
349.7,0.06736594402587595
349.8,0.06955597915917872
349.9,0.05856785762791379
